dst	archetype	seed	strategy
0000.frag	aurora	0	none
0001.frag	aurora	1	rot
0002.frag	aurora	2	none
0003.frag	aurora	3	none
0004.frag	aurora	4	none
0005.frag	aurora	5	none
0006.frag	aurora	6	none
0007.frag	aurora	7	rot
0008.frag	aurora	8	rot
0009.frag	aurora	9	none
0010.frag	aurora	10	none
0011.frag	aurora	11	none
0012.frag	aurora	12	none
0013.frag	aurora	13	rot
0014.frag	aurora	14	none
0015.frag	aurora	15	none
0016.frag	aurora	16	rot
0017.frag	aurora	17	rot
0018.frag	aurora	18	none
0019.frag	aurora	19	rot
0020.frag	aurora	20	none
0021.frag	aurora	21	none
0022.frag	aurora	22	none
0023.frag	aurora	23	rot
0024.frag	aurora	24	none
0025.frag	aurora	25	none
0026.frag	aurora	26	none
0027.frag	aurora	27	none
0028.frag	aurora	28	rot
0029.frag	aurora	29	rot
0030.frag	aurora	30	none
0031.frag	aurora	31	none
0032.frag	aurora	32	none
0033.frag	aurora	33	none
0034.frag	aurora	34	none
0035.frag	aurora	35	none
0036.frag	aurora	36	none
0037.frag	aurora	37	rot
0038.frag	aurora	38	rot
0039.frag	aurora	39	none
0040.frag	bloom	0	zoomex2
0041.frag	bloom	1	zoomex2
0042.frag	bloom	2	zoomex
0043.frag	bloom	3	zoomex
0044.frag	bloom	4	zoomex
0045.frag	bloom	5	zoomex2
0046.frag	bloom	7	zoomex
0047.frag	bloom	8	zoomex
0048.frag	bloom	9	zoomex
0049.frag	bloom	10	zoomex
0050.frag	bloom	11	zoomex2
0051.frag	bloom	12	zoomex2
0052.frag	bloom	13	zoomex
0053.frag	bloom	16	zoomex
0054.frag	bloom	17	zoomex
0055.frag	bloom	18	zoomex
0056.frag	bloom	19	zoomex
0057.frag	bloom	20	zoomex2
0058.frag	bloom	22	zoomex
0059.frag	bloom	23	zoomex2
0060.frag	bloom	24	zoomex
0061.frag	bloom	25	zoomex
0062.frag	bloom	26	zoomex2
0063.frag	bloom	27	zoomex2
0064.frag	bloom	29	zoomex
0065.frag	bloom	34	zoomex
0066.frag	bloom	36	zoomex
0067.frag	bloom	40	zoomex2
0068.frag	bloom	41	zoomex2
0069.frag	bloom	42	zoomex
0070.frag	bloom	44	zoomex2
0071.frag	bloom	45	zoomex
0072.frag	bloom	46	zoomex2
0073.frag	bloom	48	zoomex2
0074.frag	bloom	50	zoomex2
0075.frag	bloom	54	zoomex2
0076.frag	bloom	55	zoomex2
0077.frag	bloom	56	zoomex2
0078.frag	bloom	62	zoomex2
0079.frag	bloom	63	zoomex
0080.frag	cells	0	none
0081.frag	cells	1	none
0082.frag	cells	2	none
0083.frag	cells	3	none
0084.frag	cells	4	none
0085.frag	cells	5	none
0086.frag	cells	6	none
0087.frag	cells	7	none
0088.frag	cells	8	none
0089.frag	cells	9	none
0090.frag	cells	10	none
0091.frag	cells	11	none
0092.frag	cells	13	none
0093.frag	cells	14	none
0094.frag	cells	15	none
0095.frag	cells	16	none
0096.frag	cells	17	none
0097.frag	cells	18	none
0098.frag	cells	19	none
0099.frag	cells	20	none
0100.frag	cells	21	none
0101.frag	cells	23	none
0102.frag	cells	24	none
0103.frag	cells	25	none
0104.frag	cells	26	none
0105.frag	cells	28	none
0106.frag	cells	29	none
0107.frag	cells	31	none
0108.frag	cells	32	none
0109.frag	cells	33	none
0110.frag	cells	34	none
0111.frag	cells	35	none
0112.frag	cells	39	none
0113.frag	cells	41	none
0114.frag	cells	42	none
0115.frag	cells	43	none
0116.frag	cells	44	none
0117.frag	cells	45	none
0118.frag	cells	46	none
0119.frag	cells	47	none
0120.frag	classic	0	none
0121.frag	classic	1	none
0122.frag	classic	2	none
0123.frag	classic	3	none
0124.frag	classic	4	none
0125.frag	classic	5	none
0126.frag	classic	6	none
0127.frag	classic	7	none
0128.frag	classic	8	none
0129.frag	classic	9	none
0130.frag	classic	10	none
0131.frag	classic	11	none
0132.frag	classic	12	none
0133.frag	classic	13	none
0134.frag	classic	14	none
0135.frag	classic	15	none
0136.frag	classic	16	none
0137.frag	classic	17	none
0138.frag	classic	18	none
0139.frag	classic	19	none
0140.frag	classic	20	none
0141.frag	classic	21	none
0142.frag	classic	22	none
0143.frag	classic	23	none
0144.frag	classic	24	none
0145.frag	classic	25	none
0146.frag	classic	26	none
0147.frag	classic	27	none
0148.frag	classic	28	none
0149.frag	classic	29	none
0150.frag	classic	30	none
0151.frag	classic	31	none
0152.frag	classic	32	none
0153.frag	classic	33	none
0154.frag	classic	34	none
0155.frag	classic	35	none
0156.frag	classic	36	none
0157.frag	classic	37	none
0158.frag	classic	38	none
0159.frag	classic	39	none
0160.frag	contour	0	none
0161.frag	contour	1	none
0162.frag	contour	2	none
0163.frag	contour	3	none
0164.frag	contour	4	none
0165.frag	contour	5	none
0166.frag	contour	6	none
0167.frag	contour	9	none
0168.frag	contour	10	none
0169.frag	contour	11	none
0170.frag	contour	12	none
0171.frag	contour	13	none
0172.frag	contour	14	none
0173.frag	contour	15	none
0174.frag	contour	16	none
0175.frag	contour	17	none
0176.frag	contour	18	none
0177.frag	contour	19	none
0178.frag	contour	20	none
0179.frag	contour	21	none
0180.frag	contour	22	none
0181.frag	contour	23	none
0182.frag	contour	24	none
0183.frag	contour	25	none
0184.frag	contour	26	none
0185.frag	contour	27	none
0186.frag	contour	28	none
0187.frag	contour	29	none
0188.frag	contour	30	none
0189.frag	contour	31	none
0190.frag	contour	32	none
0191.frag	contour	34	none
0192.frag	contour	37	none
0193.frag	contour	41	none
0194.frag	contour	42	none
0195.frag	contour	46	none
0196.frag	contour	47	none
0197.frag	contour	49	none
0198.frag	contour	50	none
0199.frag	contour	52	none
0200.frag	crystal	0	zoomex
0201.frag	crystal	1	zoomex
0202.frag	crystal	2	zoomex
0203.frag	crystal	3	zoomex
0204.frag	crystal	4	zoomex
0205.frag	crystal	5	zoomex
0206.frag	crystal	7	zoomex
0207.frag	crystal	8	zoomex
0208.frag	crystal	9	zoomex
0209.frag	crystal	10	zoomex
0210.frag	crystal	11	zoomex
0211.frag	crystal	12	zoomex
0212.frag	crystal	13	zoomex
0213.frag	crystal	14	zoomex
0214.frag	crystal	15	zoomex
0215.frag	crystal	16	zoomex
0216.frag	crystal	17	zoomex
0217.frag	crystal	18	zoomex
0218.frag	crystal	19	zoomex
0219.frag	crystal	20	zoomex
0220.frag	crystal	21	zoomex
0221.frag	crystal	23	zoomex
0222.frag	crystal	24	zoomex
0223.frag	crystal	25	zoomex
0224.frag	crystal	26	zoomex
0225.frag	crystal	27	zoomex
0226.frag	crystal	29	zoomex
0227.frag	crystal	30	zoomex
0228.frag	crystal	32	zoomex
0229.frag	crystal	33	zoomex
0230.frag	crystal	34	zoomex
0231.frag	crystal	35	zoomex
0232.frag	crystal	36	zoomex
0233.frag	crystal	38	zoomex
0234.frag	crystal	39	zoomex
0235.frag	crystal	40	zoomex
0236.frag	crystal	41	zoomex
0237.frag	crystal	42	zoomex
0238.frag	crystal	43	zoomex
0239.frag	crystal	44	zoomex
0240.frag	facet	0	none
0241.frag	facet	1	none
0242.frag	facet	2	none
0243.frag	facet	3	none
0244.frag	facet	4	none
0245.frag	facet	5	none
0246.frag	facet	9	none
0247.frag	facet	11	none
0248.frag	facet	12	none
0249.frag	facet	13	none
0250.frag	facet	16	none
0251.frag	facet	21	none
0252.frag	facet	24	none
0253.frag	facet	42	none
0254.frag	facet	48	none
0255.frag	facet	52	none
0256.frag	facet	58	none
0257.frag	facet	74	none
0258.frag	facet	83	none
0259.frag	facet	120	none
0260.frag	facet	157	none
0261.frag	facet	163	none
0262.frag	facet	164	none
0263.frag	facet	178	none
0264.frag	facet	188	none
0265.frag	facet	194	none
0266.frag	facet	252	none
0267.frag	facet	288	none
0268.frag	facet	309	none
0269.frag	facet	1501	none
0270.frag	facet	1502	none
0271.frag	facet	1503	none
0272.frag	facet	1504	none
0273.frag	facet	1505	none
0274.frag	facet	1506	none
0275.frag	facet	1507	none
0276.frag	facet	1508	none
0277.frag	facet	1509	none
0278.frag	facet	1510	none
0279.frag	facet	1511	none
0280.frag	flowlines	0	none
0281.frag	flowlines	1	none
0282.frag	flowlines	2	none
0283.frag	flowlines	3	none
0284.frag	flowlines	4	none
0285.frag	flowlines	5	none
0286.frag	flowlines	6	none
0287.frag	flowlines	7	none
0288.frag	flowlines	8	none
0289.frag	flowlines	9	none
0290.frag	flowlines	10	none
0291.frag	flowlines	11	none
0292.frag	flowlines	12	none
0293.frag	flowlines	13	none
0294.frag	flowlines	14	none
0295.frag	flowlines	15	none
0296.frag	flowlines	18	none
0297.frag	flowlines	19	none
0298.frag	flowlines	20	none
0299.frag	flowlines	21	none
0300.frag	flowlines	22	none
0301.frag	flowlines	23	none
0302.frag	flowlines	24	none
0303.frag	flowlines	26	none
0304.frag	flowlines	27	none
0305.frag	flowlines	28	none
0306.frag	flowlines	30	none
0307.frag	flowlines	31	none
0308.frag	flowlines	32	none
0309.frag	flowlines	34	none
0310.frag	flowlines	36	none
0311.frag	flowlines	42	none
0312.frag	flowlines	44	none
0313.frag	flowlines	46	none
0314.frag	flowlines	47	none
0315.frag	flowlines	48	none
0316.frag	flowlines	50	none
0317.frag	flowlines	51	none
0318.frag	flowlines	52	none
0319.frag	flowlines	55	none
0320.frag	fzoom	0	none
0321.frag	fzoom	1	none
0322.frag	fzoom	2	none
0323.frag	fzoom	3	none
0324.frag	fzoom	4	none
0325.frag	fzoom	5	none
0326.frag	fzoom	6	none
0327.frag	fzoom	7	none
0328.frag	fzoom	8	none
0329.frag	fzoom	10	none
0330.frag	fzoom	11	none
0331.frag	fzoom	12	none
0332.frag	fzoom	13	none
0333.frag	fzoom	14	none
0334.frag	fzoom	15	none
0335.frag	fzoom	16	none
0336.frag	fzoom	17	none
0337.frag	fzoom	18	none
0338.frag	fzoom	19	none
0339.frag	fzoom	20	none
0340.frag	fzoom	21	none
0341.frag	fzoom	22	none
0342.frag	fzoom	24	none
0343.frag	fzoom	26	none
0344.frag	fzoom	27	none
0345.frag	fzoom	28	none
0346.frag	fzoom	29	none
0347.frag	fzoom	30	none
0348.frag	fzoom	32	none
0349.frag	fzoom	33	none
0350.frag	fzoom	34	none
0351.frag	fzoom	36	none
0352.frag	fzoom	37	none
0353.frag	fzoom	38	none
0354.frag	fzoom	39	none
0355.frag	fzoom	40	none
0356.frag	fzoom	41	none
0357.frag	fzoom	42	none
0358.frag	fzoom	43	none
0359.frag	fzoom	44	none
0360.frag	glow	0	zoomex2
0361.frag	glow	1	zoom
0362.frag	glow	2	zoomex2
0363.frag	glow	3	none
0364.frag	glow	4	zoomex2
0365.frag	glow	5	zoomex
0366.frag	glow	6	none
0367.frag	glow	7	none
0368.frag	glow	8	none
0369.frag	glow	9	zoomex2
0370.frag	glow	10	zoom
0371.frag	glow	11	zoom
0372.frag	glow	12	zoomex
0373.frag	glow	13	zoom
0374.frag	glow	14	none
0375.frag	glow	15	none
0376.frag	glow	16	zoomex
0377.frag	glow	17	zoom
0378.frag	glow	18	zoomex2
0379.frag	glow	19	zoomex
0380.frag	glow	20	zoom
0381.frag	glow	21	none
0382.frag	glow	22	zoomex
0383.frag	glow	23	zoom
0384.frag	glow	24	zoomex2
0385.frag	glow	25	none
0386.frag	glow	26	none
0387.frag	glow	27	zoom
0388.frag	glow	28	none
0389.frag	glow	30	none
0390.frag	glow	31	none
0391.frag	glow	32	none
0392.frag	glow	33	zoomex
0393.frag	glow	35	zoomex2
0394.frag	glow	36	zoom
0395.frag	glow	37	zoom
0396.frag	glow	38	zoomex2
0397.frag	glow	39	none
0398.frag	glow	40	none
0399.frag	glow	41	zoom
0400.frag	halftone	0	none
0401.frag	halftone	1	none
0402.frag	halftone	2	none
0403.frag	halftone	3	none
0404.frag	halftone	4	none
0405.frag	halftone	5	none
0406.frag	halftone	6	none
0407.frag	halftone	7	none
0408.frag	halftone	8	none
0409.frag	halftone	9	none
0410.frag	halftone	10	none
0411.frag	halftone	11	none
0412.frag	halftone	12	none
0413.frag	halftone	13	none
0414.frag	halftone	14	none
0415.frag	halftone	15	none
0416.frag	halftone	17	none
0417.frag	halftone	18	none
0418.frag	halftone	19	none
0419.frag	halftone	20	none
0420.frag	halftone	21	none
0421.frag	halftone	22	none
0422.frag	halftone	23	none
0423.frag	halftone	24	none
0424.frag	halftone	25	none
0425.frag	halftone	27	none
0426.frag	halftone	28	none
0427.frag	halftone	29	none
0428.frag	halftone	30	none
0429.frag	halftone	31	none
0430.frag	halftone	32	none
0431.frag	halftone	33	none
0432.frag	halftone	34	none
0433.frag	halftone	35	none
0434.frag	halftone	36	none
0435.frag	halftone	37	none
0436.frag	halftone	38	none
0437.frag	halftone	39	none
0438.frag	halftone	41	none
0439.frag	halftone	42	none
0440.frag	layer	0	none
0441.frag	layer	1	none
0442.frag	layer	2	none
0443.frag	layer	3	none
0444.frag	layer	4	none
0445.frag	layer	5	none
0446.frag	layer	6	none
0447.frag	layer	7	none
0448.frag	layer	8	none
0449.frag	layer	9	none
0450.frag	layer	10	none
0451.frag	layer	11	none
0452.frag	layer	12	none
0453.frag	layer	13	none
0454.frag	layer	14	none
0455.frag	layer	15	none
0456.frag	layer	16	none
0457.frag	layer	17	none
0458.frag	layer	18	none
0459.frag	layer	19	none
0460.frag	layer	20	none
0461.frag	layer	21	none
0462.frag	layer	22	none
0463.frag	layer	23	none
0464.frag	layer	24	none
0465.frag	layer	25	none
0466.frag	layer	26	none
0467.frag	layer	27	none
0468.frag	layer	28	none
0469.frag	layer	29	none
0470.frag	layer	30	none
0471.frag	layer	31	none
0472.frag	layer	32	none
0473.frag	layer	33	none
0474.frag	layer	34	none
0475.frag	layer	35	none
0476.frag	layer	36	none
0477.frag	layer	37	none
0478.frag	layer	38	none
0479.frag	layer	39	none
0480.frag	marble	0	none
0481.frag	marble	1	none
0482.frag	marble	2	none
0483.frag	marble	3	none
0484.frag	marble	4	none
0485.frag	marble	5	none
0486.frag	marble	6	none
0487.frag	marble	7	none
0488.frag	marble	8	none
0489.frag	marble	9	none
0490.frag	marble	10	none
0491.frag	marble	11	none
0492.frag	marble	12	none
0493.frag	marble	13	none
0494.frag	marble	14	none
0495.frag	marble	15	none
0496.frag	marble	16	none
0497.frag	marble	17	none
0498.frag	marble	18	none
0499.frag	marble	19	none
0500.frag	marble	20	none
0501.frag	marble	21	none
0502.frag	marble	22	none
0503.frag	marble	24	none
0504.frag	marble	25	none
0505.frag	marble	26	none
0506.frag	marble	27	none
0507.frag	marble	28	none
0508.frag	marble	29	none
0509.frag	marble	30	none
0510.frag	marble	31	none
0511.frag	marble	32	none
0512.frag	marble	34	none
0513.frag	marble	36	none
0514.frag	marble	37	none
0515.frag	marble	38	none
0516.frag	marble	39	none
0517.frag	marble	41	none
0518.frag	marble	42	none
0519.frag	marble	44	none
0520.frag	mosaic	0	none
0521.frag	mosaic	1	none
0522.frag	mosaic	2	none
0523.frag	mosaic	3	none
0524.frag	mosaic	4	none
0525.frag	mosaic	5	none
0526.frag	mosaic	6	none
0527.frag	mosaic	7	none
0528.frag	mosaic	8	none
0529.frag	mosaic	9	none
0530.frag	mosaic	10	none
0531.frag	mosaic	11	none
0532.frag	mosaic	12	none
0533.frag	mosaic	13	none
0534.frag	mosaic	14	none
0535.frag	mosaic	15	none
0536.frag	mosaic	16	none
0537.frag	mosaic	17	none
0538.frag	mosaic	18	none
0539.frag	mosaic	19	none
0540.frag	mosaic	20	none
0541.frag	mosaic	21	none
0542.frag	mosaic	22	none
0543.frag	mosaic	23	none
0544.frag	mosaic	24	none
0545.frag	mosaic	25	none
0546.frag	mosaic	26	none
0547.frag	mosaic	27	none
0548.frag	mosaic	28	none
0549.frag	mosaic	29	none
0550.frag	mosaic	30	none
0551.frag	mosaic	31	none
0552.frag	mosaic	32	none
0553.frag	mosaic	33	none
0554.frag	mosaic	34	none
0555.frag	mosaic	35	none
0556.frag	mosaic	36	none
0557.frag	mosaic	37	none
0558.frag	mosaic	38	none
0559.frag	mosaic	39	none
0560.frag	nebula	0	none
0561.frag	nebula	1	none
0562.frag	nebula	2	none
0563.frag	nebula	3	none
0564.frag	nebula	4	none
0565.frag	nebula	5	none
0566.frag	nebula	6	none
0567.frag	nebula	7	none
0568.frag	nebula	8	none
0569.frag	nebula	9	none
0570.frag	nebula	10	none
0571.frag	nebula	11	none
0572.frag	nebula	12	none
0573.frag	nebula	13	none
0574.frag	nebula	14	none
0575.frag	nebula	15	none
0576.frag	nebula	16	none
0577.frag	nebula	17	none
0578.frag	nebula	18	none
0579.frag	nebula	19	none
0580.frag	nebula	20	none
0581.frag	nebula	21	none
0582.frag	nebula	22	none
0583.frag	nebula	23	none
0584.frag	nebula	24	none
0585.frag	nebula	26	none
0586.frag	nebula	28	none
0587.frag	nebula	29	none
0588.frag	nebula	30	none
0589.frag	nebula	31	none
0590.frag	nebula	32	none
0591.frag	nebula	33	none
0592.frag	nebula	36	none
0593.frag	nebula	37	none
0594.frag	nebula	38	none
0595.frag	nebula	39	none
0596.frag	nebula	40	none
0597.frag	nebula	41	none
0598.frag	nebula	42	none
0599.frag	nebula	43	none
0600.frag	orbit	0	none
0601.frag	orbit	1	none
0602.frag	orbit	2	none
0603.frag	orbit	3	none
0604.frag	orbit	4	none
0605.frag	orbit	5	none
0606.frag	orbit	6	none
0607.frag	orbit	7	none
0608.frag	orbit	8	none
0609.frag	orbit	9	none
0610.frag	orbit	10	none
0611.frag	orbit	11	none
0612.frag	orbit	12	none
0613.frag	orbit	13	none
0614.frag	orbit	14	none
0615.frag	orbit	15	none
0616.frag	orbit	16	none
0617.frag	orbit	17	none
0618.frag	orbit	18	none
0619.frag	orbit	19	none
0620.frag	orbit	20	none
0621.frag	orbit	21	none
0622.frag	orbit	22	none
0623.frag	orbit	23	none
0624.frag	orbit	24	none
0625.frag	orbit	25	none
0626.frag	orbit	26	none
0627.frag	orbit	27	none
0628.frag	orbit	28	none
0629.frag	orbit	29	none
0630.frag	orbit	30	none
0631.frag	orbit	31	none
0632.frag	orbit	32	none
0633.frag	orbit	33	none
0634.frag	orbit	34	none
0635.frag	orbit	35	none
0636.frag	orbit	36	none
0637.frag	orbit	37	none
0638.frag	orbit	38	none
0639.frag	orbit	39	none
0640.frag	particles	0	none
0641.frag	particles	1	none
0642.frag	particles	2	none
0643.frag	particles	3	none
0644.frag	particles	4	none
0645.frag	particles	5	none
0646.frag	particles	6	none
0647.frag	particles	7	none
0648.frag	particles	8	none
0649.frag	particles	9	none
0650.frag	particles	10	none
0651.frag	particles	11	none
0652.frag	particles	12	none
0653.frag	particles	15	none
0654.frag	particles	16	none
0655.frag	particles	17	none
0656.frag	particles	19	none
0657.frag	particles	20	none
0658.frag	particles	22	none
0659.frag	particles	24	none
0660.frag	particles	25	none
0661.frag	particles	26	none
0662.frag	particles	27	none
0663.frag	particles	28	none
0664.frag	particles	29	none
0665.frag	particles	31	none
0666.frag	particles	32	none
0667.frag	particles	33	none
0668.frag	particles	34	none
0669.frag	particles	35	none
0670.frag	particles	36	none
0671.frag	particles	37	none
0672.frag	particles	38	none
0673.frag	particles	44	none
0674.frag	particles	46	none
0675.frag	particles	48	none
0676.frag	particles	51	none
0677.frag	particles	55	none
0678.frag	particles	56	none
0679.frag	particles	58	none
0680.frag	plexus	0	zoomex2
0681.frag	plexus	1	zoomex
0682.frag	plexus	2	zoom
0683.frag	plexus	3	zoomex2
0684.frag	plexus	4	zoomex
0685.frag	plexus	5	zoom
0686.frag	plexus	6	zoomex2
0687.frag	plexus	7	zoomex2
0688.frag	plexus	8	zoomex2
0689.frag	plexus	9	zoom
0690.frag	plexus	10	zoomex2
0691.frag	plexus	11	zoomex2
0692.frag	plexus	12	zoomex
0693.frag	plexus	13	zoomex2
0694.frag	plexus	14	zoom
0695.frag	plexus	15	zoomex
0696.frag	plexus	16	zoom
0697.frag	plexus	17	zoomex2
0698.frag	plexus	18	zoom
0699.frag	plexus	19	zoom
0700.frag	plexus	21	zoom
0701.frag	plexus	22	zoom
0702.frag	plexus	23	zoomex
0703.frag	plexus	24	zoom
0704.frag	plexus	26	zoomex
0705.frag	plexus	27	zoom
0706.frag	plexus	29	zoom
0707.frag	plexus	30	zoomex2
0708.frag	plexus	31	zoom
0709.frag	plexus	32	zoom
0710.frag	plexus	33	zoomex2
0711.frag	plexus	34	zoomex2
0712.frag	plexus	35	zoomex
0713.frag	plexus	36	zoom
0714.frag	plexus	37	zoom
0715.frag	plexus	38	zoomex2
0716.frag	plexus	40	zoomex2
0717.frag	plexus	41	zoom
0718.frag	plexus	43	zoomex2
0719.frag	plexus	45	zoom
0720.frag	raymarch	0	none
0721.frag	raymarch	1	zoomex
0722.frag	raymarch	2	none
0723.frag	raymarch	3	none
0724.frag	raymarch	4	zoomex
0725.frag	raymarch	5	none
0726.frag	raymarch	6	none
0727.frag	raymarch	7	none
0728.frag	raymarch	8	none
0729.frag	raymarch	9	none
0730.frag	raymarch	10	none
0731.frag	raymarch	11	none
0732.frag	raymarch	12	none
0733.frag	raymarch	13	none
0734.frag	raymarch	14	none
0735.frag	raymarch	15	zoomex
0736.frag	raymarch	16	zoomex
0737.frag	raymarch	17	zoomex
0738.frag	raymarch	18	zoomex
0739.frag	raymarch	19	none
0740.frag	raymarch	20	none
0741.frag	raymarch	21	zoomex
0742.frag	raymarch	22	zoomex
0743.frag	raymarch	23	none
0744.frag	raymarch	25	none
0745.frag	raymarch	26	none
0746.frag	raymarch	27	none
0747.frag	raymarch	28	none
0748.frag	raymarch	29	none
0749.frag	raymarch	30	none
0750.frag	raymarch	31	none
0751.frag	raymarch	32	none
0752.frag	raymarch	33	none
0753.frag	raymarch	34	none
0754.frag	raymarch	35	none
0755.frag	raymarch	36	none
0756.frag	raymarch	37	zoomex
0757.frag	raymarch	38	zoomex
0758.frag	raymarch	39	zoomex
0759.frag	raymarch	40	none
0760.frag	ripple	0	zoom
0761.frag	ripple	1	zoom
0762.frag	ripple	2	zoom
0763.frag	ripple	3	zoom
0764.frag	ripple	4	zoom
0765.frag	ripple	5	zoom
0766.frag	ripple	6	zoom
0767.frag	ripple	7	zoom
0768.frag	ripple	8	zoom
0769.frag	ripple	9	zoom
0770.frag	ripple	10	zoom
0771.frag	ripple	11	zoom
0772.frag	ripple	12	zoom
0773.frag	ripple	13	zoom
0774.frag	ripple	14	zoom
0775.frag	ripple	16	zoom
0776.frag	ripple	17	zoom
0777.frag	ripple	18	zoom
0778.frag	ripple	19	zoom
0779.frag	ripple	20	zoom
0780.frag	ripple	21	zoom
0781.frag	ripple	22	zoom
0782.frag	ripple	23	zoom
0783.frag	ripple	24	zoom
0784.frag	ripple	25	zoom
0785.frag	ripple	27	zoom
0786.frag	ripple	28	zoom
0787.frag	ripple	31	zoom
0788.frag	ripple	32	zoom
0789.frag	ripple	33	zoom
0790.frag	ripple	34	zoom
0791.frag	ripple	35	zoom
0792.frag	ripple	36	zoom
0793.frag	ripple	37	zoom
0794.frag	ripple	38	zoom
0795.frag	ripple	39	zoom
0796.frag	ripple	42	zoom
0797.frag	ripple	43	zoom
0798.frag	ripple	44	zoom
0799.frag	ripple	45	zoom
0800.frag	silk	0	none
0801.frag	silk	1	none
0802.frag	silk	2	none
0803.frag	silk	3	none
0804.frag	silk	4	none
0805.frag	silk	5	none
0806.frag	silk	6	none
0807.frag	silk	7	none
0808.frag	silk	8	none
0809.frag	silk	9	none
0810.frag	silk	11	none
0811.frag	silk	12	none
0812.frag	silk	13	none
0813.frag	silk	14	none
0814.frag	silk	15	none
0815.frag	silk	16	none
0816.frag	silk	17	none
0817.frag	silk	18	none
0818.frag	silk	19	none
0819.frag	silk	20	none
0820.frag	silk	21	none
0821.frag	silk	22	none
0822.frag	silk	23	none
0823.frag	silk	24	none
0824.frag	silk	25	none
0825.frag	silk	26	none
0826.frag	silk	27	none
0827.frag	silk	28	none
0828.frag	silk	29	none
0829.frag	silk	30	none
0830.frag	silk	31	none
0831.frag	silk	32	none
0832.frag	silk	33	none
0833.frag	silk	34	none
0834.frag	silk	36	none
0835.frag	silk	37	none
0836.frag	silk	38	none
0837.frag	silk	40	none
0838.frag	silk	41	none
0839.frag	silk	42	none
0840.frag	super	0	none
0841.frag	super	1	none
0842.frag	super	2	zoomex2
0843.frag	super	3	zoomex2
0844.frag	super	4	none
0845.frag	super	5	zoomex2
0846.frag	super	6	zoomex2
0847.frag	super	7	none
0848.frag	super	8	zoomex2
0849.frag	super	9	none
0850.frag	super	10	none
0851.frag	super	11	none
0852.frag	super	12	none
0853.frag	super	14	none
0854.frag	super	15	none
0855.frag	super	16	none
0856.frag	super	17	none
0857.frag	super	18	none
0858.frag	super	19	none
0859.frag	super	20	none
0860.frag	super	21	zoomex2
0861.frag	super	24	none
0862.frag	super	25	none
0863.frag	super	29	none
0864.frag	super	30	none
0865.frag	super	31	none
0866.frag	super	32	none
0867.frag	super	33	none
0868.frag	super	34	none
0869.frag	super	35	none
0870.frag	super	36	zoomex2
0871.frag	super	39	zoomex2
0872.frag	super	40	zoomex2
0873.frag	super	41	zoomex2
0874.frag	super	44	none
0875.frag	super	45	none
0876.frag	super	46	none
0877.frag	super	48	none
0878.frag	super	49	none
0879.frag	super	50	zoomex2
0880.frag	trail	0	zoomex
0881.frag	trail	1	zoomex2
0882.frag	trail	2	zoom
0883.frag	trail	3	zoom
0884.frag	trail	4	zoom
0885.frag	trail	5	zoomex2
0886.frag	trail	6	zoomex2
0887.frag	trail	7	zoomex2
0888.frag	trail	8	zoomex2
0889.frag	trail	9	zoom
0890.frag	trail	10	zoomex
0891.frag	trail	11	zoom
0892.frag	trail	12	zoomex2
0893.frag	trail	13	zoomex2
0894.frag	trail	14	zoomex
0895.frag	trail	15	zoomex
0896.frag	trail	16	zoomex
0897.frag	trail	17	zoomex
0898.frag	trail	18	zoomex
0899.frag	trail	19	zoomex2
0900.frag	trail	20	zoomex2
0901.frag	trail	21	zoomex2
0902.frag	trail	22	zoomex2
0903.frag	trail	23	zoomex2
0904.frag	trail	24	zoomex
0905.frag	trail	25	zoomex2
0906.frag	trail	26	zoomex
0907.frag	trail	28	zoomex
0908.frag	trail	29	zoomex2
0909.frag	trail	30	zoom
0910.frag	trail	31	zoomex
0911.frag	trail	32	zoomex
0912.frag	trail	33	zoomex2
0913.frag	trail	34	zoom
0914.frag	trail	35	zoomex
0915.frag	trail	36	zoomex2
0916.frag	trail	37	zoomex
0917.frag	trail	38	zoom
0918.frag	trail	40	zoomex2
0919.frag	trail	41	zoomex
0920.frag	tunnel	0	none
0921.frag	tunnel	1	none
0922.frag	tunnel	2	none
0923.frag	tunnel	3	none
0924.frag	tunnel	4	none
0925.frag	tunnel	5	none
0926.frag	tunnel	6	none
0927.frag	tunnel	7	none
0928.frag	tunnel	8	none
0929.frag	tunnel	9	none
0930.frag	tunnel	10	none
0931.frag	tunnel	11	none
0932.frag	tunnel	12	none
0933.frag	tunnel	13	none
0934.frag	tunnel	14	none
0935.frag	tunnel	15	none
0936.frag	tunnel	16	none
0937.frag	tunnel	17	none
0938.frag	tunnel	18	none
0939.frag	tunnel	19	none
0940.frag	tunnel	20	none
0941.frag	tunnel	21	none
0942.frag	tunnel	22	none
0943.frag	tunnel	23	none
0944.frag	tunnel	24	none
0945.frag	tunnel	25	none
0946.frag	tunnel	26	none
0947.frag	tunnel	27	none
0948.frag	tunnel	28	none
0949.frag	tunnel	29	none
0950.frag	tunnel	30	none
0951.frag	tunnel	31	none
0952.frag	tunnel	32	none
0953.frag	tunnel	33	none
0954.frag	tunnel	34	none
0955.frag	tunnel	35	none
0956.frag	tunnel	36	none
0957.frag	tunnel	37	none
0958.frag	tunnel	38	none
0959.frag	tunnel	39	none
0960.frag	waveline	0	none
0961.frag	waveline	1	none
0962.frag	waveline	2	none
0963.frag	waveline	3	none
0964.frag	waveline	4	none
0965.frag	waveline	5	none
0966.frag	waveline	6	none
0967.frag	waveline	7	none
0968.frag	waveline	8	none
0969.frag	waveline	9	none
0970.frag	waveline	10	none
0971.frag	waveline	11	none
0972.frag	waveline	12	none
0973.frag	waveline	13	none
0974.frag	waveline	14	none
0975.frag	waveline	15	none
0976.frag	waveline	16	none
0977.frag	waveline	17	none
0978.frag	waveline	18	none
0979.frag	waveline	19	none
0980.frag	waveline	20	none
0981.frag	waveline	21	none
0982.frag	waveline	22	none
0983.frag	waveline	23	none
0984.frag	waveline	24	none
0985.frag	waveline	25	none
0986.frag	waveline	26	none
0987.frag	waveline	27	none
0988.frag	waveline	28	none
0989.frag	waveline	29	none
0990.frag	waveline	30	none
0991.frag	waveline	31	none
0992.frag	waveline	32	none
0993.frag	waveline	33	none
0994.frag	waveline	34	none
0995.frag	waveline	35	none
0996.frag	waveline	36	none
0997.frag	waveline	37	none
0998.frag	waveline	38	none
0999.frag	waveline	39	none
