dst	strategy
0000.frag	none
0001.frag	none
0002.frag	none
0003.frag	none
0004.frag	none
0005.frag	none
0006.frag	none
0007.frag	rot
0008.frag	rot
0009.frag	none
0010.frag	rot
0011.frag	none
0012.frag	none
0013.frag	rot
0014.frag	none
0015.frag	rot
0016.frag	none
0017.frag	none
0018.frag	rot
0019.frag	rot
0020.frag	none
0021.frag	none
0022.frag	none
0023.frag	none
0024.frag	rot
0025.frag	none
0026.frag	none
0027.frag	none
0028.frag	rot
0029.frag	none
0030.frag	none
0031.frag	none
0032.frag	none
0033.frag	none
0034.frag	rot
0035.frag	none
0036.frag	none
0037.frag	rot
0038.frag	none
0039.frag	none
0040.frag	rot
0041.frag	none
0042.frag	none
0043.frag	none
0044.frag	none
0045.frag	none
0046.frag	rot
0047.frag	none
0048.frag	none
0049.frag	rot
0050.frag	none
0051.frag	none
0052.frag	none
0053.frag	none
0054.frag	none
0055.frag	none
0056.frag	none
0057.frag	none
0058.frag	none
0059.frag	none
0060.frag	none
0061.frag	none
0062.frag	none
0063.frag	none
0064.frag	none
0065.frag	none
0066.frag	none
0067.frag	none
0068.frag	none
0069.frag	none
0070.frag	none
0071.frag	none
0072.frag	none
0073.frag	none
0074.frag	none
0075.frag	none
0076.frag	none
0077.frag	none
0078.frag	none
0079.frag	none
0080.frag	none
0081.frag	none
0082.frag	none
0083.frag	none
0084.frag	none
0085.frag	none
0086.frag	none
0087.frag	none
0088.frag	none
0089.frag	none
0090.frag	none
0091.frag	none
0092.frag	none
0093.frag	none
0094.frag	none
0095.frag	none
0096.frag	none
0097.frag	none
0098.frag	none
0099.frag	none
0100.frag	none
0101.frag	none
0102.frag	none
0103.frag	none
0104.frag	none
0105.frag	none
0106.frag	none
0107.frag	none
0108.frag	none
0109.frag	none
0110.frag	none
0111.frag	none
0112.frag	none
0113.frag	none
0114.frag	rot
0115.frag	none
0116.frag	none
0117.frag	none
0118.frag	none
0119.frag	none
0120.frag	none
0121.frag	none
0122.frag	none
0123.frag	none
0124.frag	none
0125.frag	none
0126.frag	none
0127.frag	none
0128.frag	rot
0129.frag	none
0130.frag	none
0131.frag	none
0132.frag	none
0133.frag	none
0134.frag	none
0135.frag	none
0136.frag	none
0137.frag	none
0138.frag	none
0139.frag	none
0140.frag	none
0141.frag	none
0142.frag	none
0143.frag	none
0144.frag	none
0145.frag	none
0146.frag	none
0147.frag	none
0148.frag	none
0149.frag	none
0150.frag	none
0151.frag	none
0152.frag	none
0153.frag	none
0154.frag	none
0155.frag	none
0156.frag	none
0157.frag	none
0158.frag	none
0159.frag	none
0160.frag	none
0161.frag	none
0162.frag	none
0163.frag	none
0164.frag	none
0165.frag	none
0166.frag	none
0167.frag	none
0168.frag	none
0169.frag	none
0170.frag	none
0171.frag	none
0172.frag	none
0173.frag	none
0174.frag	none
0175.frag	none
0176.frag	none
0177.frag	none
0178.frag	none
0179.frag	none
0180.frag	none
0181.frag	none
0182.frag	none
0183.frag	none
0184.frag	none
0185.frag	none
0186.frag	none
0187.frag	none
0188.frag	none
0189.frag	none
0190.frag	none
0191.frag	none
0192.frag	none
0193.frag	none
0194.frag	none
0195.frag	none
0196.frag	none
0197.frag	none
0198.frag	none
0199.frag	none
0200.frag	none
0201.frag	none
0202.frag	none
0203.frag	none
0204.frag	none
0205.frag	none
0206.frag	none
0207.frag	none
0208.frag	none
0209.frag	none
0210.frag	none
0211.frag	none
0212.frag	none
0213.frag	none
0214.frag	none
0215.frag	none
0216.frag	none
0217.frag	none
0218.frag	none
0219.frag	none
0220.frag	none
0221.frag	none
0222.frag	none
0223.frag	none
0224.frag	none
0225.frag	none
0226.frag	none
0227.frag	none
0228.frag	none
0229.frag	none
0230.frag	none
0231.frag	none
0232.frag	none
0233.frag	none
0234.frag	none
0235.frag	none
0236.frag	none
0237.frag	none
0238.frag	none
0239.frag	none
0240.frag	none
0241.frag	none
0242.frag	none
0243.frag	none
0244.frag	none
0245.frag	none
0246.frag	none
0247.frag	none
0248.frag	none
0249.frag	none
0250.frag	none
0251.frag	none
0252.frag	none
0253.frag	none
0254.frag	none
0255.frag	none
0256.frag	none
0257.frag	none
0258.frag	none
0259.frag	none
0260.frag	none
0261.frag	none
0262.frag	none
0263.frag	none
0264.frag	none
0265.frag	none
0266.frag	none
0267.frag	none
0268.frag	none
0269.frag	none
0270.frag	none
0271.frag	none
0272.frag	none
0273.frag	none
0274.frag	none
0275.frag	none
0276.frag	none
0277.frag	none
0278.frag	none
0279.frag	none
0280.frag	none
0281.frag	none
0282.frag	none
0283.frag	none
0284.frag	none
0285.frag	none
0286.frag	none
0287.frag	none
0288.frag	none
0289.frag	none
0290.frag	none
0291.frag	none
0292.frag	none
0293.frag	none
0294.frag	none
0295.frag	none
0296.frag	none
0297.frag	none
0298.frag	none
0299.frag	none
0300.frag	none
0301.frag	none
0302.frag	none
0303.frag	none
0304.frag	none
0305.frag	none
0306.frag	none
0307.frag	none
0308.frag	none
0309.frag	none
0310.frag	none
0311.frag	none
0312.frag	none
0313.frag	none
0314.frag	none
0315.frag	none
0316.frag	none
0317.frag	none
0318.frag	none
0319.frag	none
0320.frag	none
0321.frag	none
0322.frag	none
0323.frag	none
0324.frag	none
0325.frag	none
0326.frag	none
0327.frag	none
0328.frag	none
0329.frag	none
0330.frag	none
0331.frag	none
0332.frag	none
0333.frag	none
0334.frag	none
0335.frag	none
0336.frag	none
0337.frag	none
0338.frag	none
0339.frag	none
0340.frag	none
0341.frag	none
0342.frag	none
0343.frag	none
0344.frag	none
0345.frag	none
0346.frag	none
0347.frag	none
0348.frag	none
0349.frag	none
0350.frag	zoomex
0351.frag	zoomex2
0352.frag	none
0353.frag	zoom
0354.frag	none
0355.frag	none
0356.frag	none
0357.frag	none
0358.frag	rotzoom
0359.frag	none
0360.frag	none
0361.frag	zoom
0362.frag	zoomex
0363.frag	none
0364.frag	none
0365.frag	rotzoomex2
0366.frag	zoomex2
0367.frag	none
0368.frag	zoom
0369.frag	none
0370.frag	none
0371.frag	none
0372.frag	zoomex
0373.frag	none
0374.frag	zoomex2
0375.frag	rotzoomex2
0376.frag	none
0377.frag	zoomex2
0378.frag	zoomex2
0379.frag	none
0380.frag	none
0381.frag	none
0382.frag	none
0383.frag	zoomex
0384.frag	none
0385.frag	zoomex
0386.frag	zoomex2
0387.frag	none
0388.frag	none
0389.frag	none
0390.frag	zoomex
0391.frag	none
0392.frag	zoomex
0393.frag	none
0394.frag	zoomex2
0395.frag	rotzoomex2
0396.frag	none
0397.frag	zoomex
0398.frag	none
0399.frag	none
0400.frag	rot
0401.frag	none
0402.frag	none
0403.frag	none
0404.frag	none
0405.frag	none
0406.frag	none
0407.frag	none
0408.frag	none
0409.frag	none
0410.frag	none
0411.frag	none
0412.frag	none
0413.frag	none
0414.frag	none
0415.frag	none
0416.frag	none
0417.frag	none
0418.frag	none
0419.frag	rot
0420.frag	none
0421.frag	none
0422.frag	none
0423.frag	none
0424.frag	none
0425.frag	none
0426.frag	none
0427.frag	none
0428.frag	none
0429.frag	none
0430.frag	none
0431.frag	none
0432.frag	none
0433.frag	none
0434.frag	none
0435.frag	none
0436.frag	none
0437.frag	none
0438.frag	none
0439.frag	none
0440.frag	none
0441.frag	none
0442.frag	none
0443.frag	none
0444.frag	none
0445.frag	none
0446.frag	none
0447.frag	none
0448.frag	none
0449.frag	none
0450.frag	none
0451.frag	none
0452.frag	none
0453.frag	none
0454.frag	none
0455.frag	none
0456.frag	none
0457.frag	none
0458.frag	none
0459.frag	none
0460.frag	none
0461.frag	none
0462.frag	none
0463.frag	none
0464.frag	none
0465.frag	none
0466.frag	none
0467.frag	none
0468.frag	none
0469.frag	none
0470.frag	none
0471.frag	none
0472.frag	none
0473.frag	none
0474.frag	none
0475.frag	none
0476.frag	none
0477.frag	none
0478.frag	none
0479.frag	none
0480.frag	none
0481.frag	none
0482.frag	none
0483.frag	none
0484.frag	none
0485.frag	none
0486.frag	none
0487.frag	none
0488.frag	none
0489.frag	none
0490.frag	none
0491.frag	none
0492.frag	none
0493.frag	none
0494.frag	none
0495.frag	none
0496.frag	none
0497.frag	none
0498.frag	none
0499.frag	none
0500.frag	none
0501.frag	none
0502.frag	none
0503.frag	none
0504.frag	none
0505.frag	none
0506.frag	none
0507.frag	none
0508.frag	none
0509.frag	none
0510.frag	none
0511.frag	none
0512.frag	none
0513.frag	none
0514.frag	none
0515.frag	none
0516.frag	none
0517.frag	none
0518.frag	none
0519.frag	none
0520.frag	none
0521.frag	none
0522.frag	none
0523.frag	none
0524.frag	none
0525.frag	none
0526.frag	none
0527.frag	none
0528.frag	none
0529.frag	none
0530.frag	none
0531.frag	none
0532.frag	none
0533.frag	none
0534.frag	none
0535.frag	none
0536.frag	none
0537.frag	none
0538.frag	none
0539.frag	none
0540.frag	none
0541.frag	none
0542.frag	none
0543.frag	none
0544.frag	none
0545.frag	none
0546.frag	none
0547.frag	none
0548.frag	none
0549.frag	none
0550.frag	none
0551.frag	none
0552.frag	none
0553.frag	none
0554.frag	none
0555.frag	none
0556.frag	none
0557.frag	none
0558.frag	none
0559.frag	none
0560.frag	none
0561.frag	none
0562.frag	none
0563.frag	none
0564.frag	none
0565.frag	none
0566.frag	none
0567.frag	none
0568.frag	none
0569.frag	none
0570.frag	none
0571.frag	none
0572.frag	none
0573.frag	none
0574.frag	none
0575.frag	none
0576.frag	none
0577.frag	none
0578.frag	none
0579.frag	none
0580.frag	none
0581.frag	none
0582.frag	none
0583.frag	none
0584.frag	none
0585.frag	none
0586.frag	none
0587.frag	none
0588.frag	none
0589.frag	none
0590.frag	none
0591.frag	none
0592.frag	none
0593.frag	none
0594.frag	none
0595.frag	none
0596.frag	none
0597.frag	none
0598.frag	none
0599.frag	none
0600.frag	none
0601.frag	none
0602.frag	none
0603.frag	none
0604.frag	none
0605.frag	none
0606.frag	none
0607.frag	none
0608.frag	none
0609.frag	none
0610.frag	none
0611.frag	none
0612.frag	none
0613.frag	none
0614.frag	none
0615.frag	none
0616.frag	none
0617.frag	none
0618.frag	none
0619.frag	none
0620.frag	none
0621.frag	none
0622.frag	none
0623.frag	none
0624.frag	none
0625.frag	none
0626.frag	none
0627.frag	none
0628.frag	none
0629.frag	none
0630.frag	none
0631.frag	none
0632.frag	none
0633.frag	none
0634.frag	none
0635.frag	none
0636.frag	none
0637.frag	none
0638.frag	none
0639.frag	none
0640.frag	none
0641.frag	none
0642.frag	none
0643.frag	none
0644.frag	none
0645.frag	none
0646.frag	none
0647.frag	none
0648.frag	none
0649.frag	none
0650.frag	zoomex
0651.frag	rotzoom
0652.frag	zoomex
0653.frag	zoom
0654.frag	zoom
0655.frag	zoom
0656.frag	zoom
0657.frag	zoomex2
0658.frag	zoomex2
0659.frag	zoomex
0660.frag	zoomex2
0661.frag	zoomex2
0662.frag	zoomex2
0663.frag	zoomex2
0664.frag	stretch
0665.frag	zoomex
0666.frag	zoomex
0667.frag	zoomex2
0668.frag	zoomex2
0669.frag	zoom
0670.frag	zoom
0671.frag	zoom
0672.frag	zoom
0673.frag	zoom
0674.frag	rotzoomex2
0675.frag	zoomex
0676.frag	stretch
0677.frag	zoomex
0678.frag	zoom
0679.frag	rotzoom
0680.frag	zoomex
0681.frag	rotzoom
0682.frag	zoom
0683.frag	zoomex2
0684.frag	zoom
0685.frag	zoomex
0686.frag	zoomex
0687.frag	zoomex
0688.frag	zoomex2
0689.frag	zoom
0690.frag	zoom
0691.frag	zoom
0692.frag	rotzoom
0693.frag	zoomex2
0694.frag	none
0695.frag	zoom
0696.frag	zoom
0697.frag	zoomex
0698.frag	zoomex
0699.frag	zoom
0700.frag	none
0701.frag	zoom
0702.frag	none
0703.frag	none
0704.frag	none
0705.frag	none
0706.frag	zoom
0707.frag	zoomex2
0708.frag	none
0709.frag	none
0710.frag	none
0711.frag	none
0712.frag	zoomex
0713.frag	zoomex
0714.frag	none
0715.frag	none
0716.frag	zoomex
0717.frag	none
0718.frag	none
0719.frag	zoomex
0720.frag	zoom
0721.frag	none
0722.frag	none
0723.frag	none
0724.frag	none
0725.frag	none
0726.frag	rotzoomex2
0727.frag	none
0728.frag	zoom
0729.frag	zoomex2
0730.frag	none
0731.frag	none
0732.frag	none
0733.frag	none
0734.frag	none
0735.frag	none
0736.frag	none
0737.frag	none
0738.frag	zoom
0739.frag	none
0740.frag	none
0741.frag	zoomex2
0742.frag	none
0743.frag	none
0744.frag	none
0745.frag	none
0746.frag	none
0747.frag	none
0748.frag	none
0749.frag	rotzoomex2
0750.frag	zoomex
0751.frag	zoomex
0752.frag	none
0753.frag	none
0754.frag	zoom
0755.frag	zoom
0756.frag	zoomex2
0757.frag	none
0758.frag	zoom
0759.frag	none
0760.frag	none
0761.frag	none
0762.frag	zoom
0763.frag	none
0764.frag	none
0765.frag	none
0766.frag	none
0767.frag	none
0768.frag	none
0769.frag	zoom
0770.frag	none
0771.frag	none
0772.frag	none
0773.frag	none
0774.frag	none
0775.frag	zoom
0776.frag	none
0777.frag	none
0778.frag	none
0779.frag	none
0780.frag	none
0781.frag	none
0782.frag	zoomex
0783.frag	zoom
0784.frag	zoomex2
0785.frag	none
0786.frag	none
0787.frag	none
0788.frag	none
0789.frag	none
0790.frag	none
0791.frag	zoom
0792.frag	zoom
0793.frag	none
0794.frag	none
0795.frag	zoom
0796.frag	none
0797.frag	none
0798.frag	zoom
0799.frag	zoomex2
0800.frag	none
0801.frag	zoom
0802.frag	none
0803.frag	zoomex2
0804.frag	none
0805.frag	none
0806.frag	none
0807.frag	none
0808.frag	zoomex2
0809.frag	none
0810.frag	none
0811.frag	rotzoomex2
0812.frag	none
0813.frag	none
0814.frag	none
0815.frag	none
0816.frag	none
0817.frag	none
0818.frag	none
0819.frag	none
0820.frag	zoomex2
0821.frag	none
0822.frag	none
0823.frag	zoomex2
0824.frag	none
0825.frag	none
0826.frag	none
0827.frag	none
0828.frag	rotzoomex2
0829.frag	zoomex2
0830.frag	none
0831.frag	none
0832.frag	none
0833.frag	none
0834.frag	zoomex
0835.frag	none
0836.frag	none
0837.frag	none
0838.frag	none
0839.frag	none
0840.frag	none
0841.frag	zoomex2
0842.frag	none
0843.frag	none
0844.frag	none
0845.frag	none
0846.frag	none
0847.frag	none
0848.frag	zoomex2
0849.frag	zoom
0850.frag	zoomex
0851.frag	zoomex
0852.frag	zoomex
0853.frag	zoom
0854.frag	zoomex
0855.frag	zoomex
0856.frag	zoom
0857.frag	zoomex2
0858.frag	zoomex2
0859.frag	zoomex
0860.frag	zoomex
0861.frag	zoom
0862.frag	zoomex2
0863.frag	zoomex2
0864.frag	zoomex2
0865.frag	zoomex2
0866.frag	zoomex
0867.frag	zoomex2
0868.frag	zoomex
0869.frag	rotzoomex2
0870.frag	zoomex2
0871.frag	zoom
0872.frag	zoom
0873.frag	zoom
0874.frag	zoom
0875.frag	zoomex2
0876.frag	zoom
0877.frag	zoomex
0878.frag	zoomex
0879.frag	zoomex2
0880.frag	zoom
0881.frag	zoomex2
0882.frag	zoom
0883.frag	zoomex2
0884.frag	zoomex2
0885.frag	zoomex2
0886.frag	zoom
0887.frag	zoomex
0888.frag	zoomex2
0889.frag	none
0890.frag	zoomex
0891.frag	zoom
0892.frag	none
0893.frag	zoom
0894.frag	zoom
0895.frag	zoomex
0896.frag	zoomex
0897.frag	zoomex2
0898.frag	zoomex
0899.frag	zoom
0900.frag	none
0901.frag	none
0902.frag	none
0903.frag	none
0904.frag	none
0905.frag	none
0906.frag	none
0907.frag	none
0908.frag	none
0909.frag	none
0910.frag	none
0911.frag	none
0912.frag	none
0913.frag	none
0914.frag	none
0915.frag	none
0916.frag	none
0917.frag	none
0918.frag	rot
0919.frag	none
0920.frag	none
0921.frag	none
0922.frag	none
0923.frag	none
0924.frag	none
0925.frag	none
0926.frag	none
0927.frag	none
0928.frag	none
0929.frag	none
0930.frag	none
0931.frag	zoom
0932.frag	none
0933.frag	none
0934.frag	none
0935.frag	none
0936.frag	none
0937.frag	none
0938.frag	none
0939.frag	none
0940.frag	none
0941.frag	none
0942.frag	none
0943.frag	none
0944.frag	none
0945.frag	none
0946.frag	none
0947.frag	none
0948.frag	none
0949.frag	none
0950.frag	zoom
0951.frag	none
0952.frag	none
0953.frag	rot
0954.frag	none
0955.frag	none
0956.frag	none
0957.frag	rot
0958.frag	none
0959.frag	none
0960.frag	zoom
0961.frag	none
0962.frag	none
0963.frag	rot
0964.frag	none
0965.frag	zoom
0966.frag	rot
0967.frag	none
0968.frag	none
0969.frag	none
0970.frag	none
0971.frag	none
0972.frag	none
0973.frag	rot
0974.frag	zoom
0975.frag	rot
0976.frag	none
0977.frag	none
0978.frag	rot
0979.frag	zoom
0980.frag	none
0981.frag	rot
0982.frag	none
0983.frag	rot
0984.frag	none
0985.frag	none
0986.frag	none
0987.frag	none
0988.frag	rot
0989.frag	none
0990.frag	none
0991.frag	none
0992.frag	none
0993.frag	none
0994.frag	rot
0995.frag	zoom
0996.frag	none
0997.frag	none
0998.frag	none
0999.frag	none
