dst	archetype	seed
0000.frag	aurora	0
0001.frag	aurora	1
0002.frag	aurora	2
0003.frag	aurora	3
0004.frag	aurora	4
0005.frag	aurora	5
0006.frag	aurora	6
0007.frag	aurora	7
0008.frag	aurora	8
0009.frag	aurora	9
0010.frag	aurora	10
0011.frag	aurora	11
0012.frag	aurora	12
0013.frag	aurora	13
0014.frag	aurora	14
0015.frag	aurora	15
0016.frag	aurora	16
0017.frag	aurora	17
0018.frag	aurora	18
0019.frag	aurora	19
0020.frag	aurora	20
0021.frag	aurora	21
0022.frag	aurora	22
0023.frag	aurora	23
0024.frag	aurora	24
0025.frag	aurora	25
0026.frag	aurora	26
0027.frag	aurora	27
0028.frag	aurora	28
0029.frag	aurora	29
0030.frag	aurora	30
0031.frag	aurora	31
0032.frag	aurora	32
0033.frag	aurora	33
0034.frag	aurora	34
0035.frag	aurora	35
0036.frag	aurora	37
0037.frag	aurora	38
0038.frag	aurora	39
0039.frag	aurora	40
0040.frag	aurora	41
0041.frag	aurora	42
0042.frag	aurora	43
0043.frag	aurora	44
0044.frag	aurora	45
0045.frag	aurora	46
0046.frag	aurora	47
0047.frag	aurora	48
0048.frag	aurora	49
0049.frag	aurora	50
0050.frag	cells	0
0051.frag	cells	1
0052.frag	cells	2
0053.frag	cells	3
0054.frag	cells	4
0055.frag	cells	5
0056.frag	cells	7
0057.frag	cells	8
0058.frag	cells	9
0059.frag	cells	10
0060.frag	cells	11
0061.frag	cells	12
0062.frag	cells	13
0063.frag	cells	15
0064.frag	cells	16
0065.frag	cells	17
0066.frag	cells	18
0067.frag	cells	19
0068.frag	cells	20
0069.frag	cells	21
0070.frag	cells	22
0071.frag	cells	23
0072.frag	cells	24
0073.frag	cells	25
0074.frag	cells	26
0075.frag	cells	28
0076.frag	cells	29
0077.frag	cells	30
0078.frag	cells	31
0079.frag	cells	32
0080.frag	cells	33
0081.frag	cells	34
0082.frag	cells	35
0083.frag	cells	36
0084.frag	cells	37
0085.frag	cells	38
0086.frag	cells	39
0087.frag	cells	40
0088.frag	cells	41
0089.frag	cells	44
0090.frag	cells	46
0091.frag	cells	47
0092.frag	cells	50
0093.frag	cells	54
0094.frag	cells	55
0095.frag	cells	57
0096.frag	cells	58
0097.frag	cells	59
0098.frag	cells	60
0099.frag	cells	62
0100.frag	classic	0
0101.frag	classic	1
0102.frag	classic	2
0103.frag	classic	3
0104.frag	classic	4
0105.frag	classic	5
0106.frag	classic	6
0107.frag	classic	7
0108.frag	classic	8
0109.frag	classic	9
0110.frag	classic	10
0111.frag	classic	11
0112.frag	classic	12
0113.frag	classic	13
0114.frag	classic	14
0115.frag	classic	15
0116.frag	classic	16
0117.frag	classic	17
0118.frag	classic	18
0119.frag	classic	19
0120.frag	classic	20
0121.frag	classic	21
0122.frag	classic	22
0123.frag	classic	23
0124.frag	classic	24
0125.frag	classic	25
0126.frag	classic	26
0127.frag	classic	27
0128.frag	classic	28
0129.frag	classic	29
0130.frag	classic	30
0131.frag	classic	31
0132.frag	classic	32
0133.frag	classic	33
0134.frag	classic	34
0135.frag	classic	35
0136.frag	classic	36
0137.frag	classic	37
0138.frag	classic	38
0139.frag	classic	39
0140.frag	classic	40
0141.frag	classic	41
0142.frag	classic	42
0143.frag	classic	43
0144.frag	classic	44
0145.frag	classic	45
0146.frag	classic	47
0147.frag	classic	48
0148.frag	classic	49
0149.frag	classic	50
0150.frag	contour	0
0151.frag	contour	1
0152.frag	contour	2
0153.frag	contour	3
0154.frag	contour	4
0155.frag	contour	5
0156.frag	contour	6
0157.frag	contour	7
0158.frag	contour	8
0159.frag	contour	9
0160.frag	contour	10
0161.frag	contour	11
0162.frag	contour	13
0163.frag	contour	14
0164.frag	contour	15
0165.frag	contour	16
0166.frag	contour	17
0167.frag	contour	18
0168.frag	contour	19
0169.frag	contour	20
0170.frag	contour	21
0171.frag	contour	23
0172.frag	contour	24
0173.frag	contour	25
0174.frag	contour	26
0175.frag	contour	27
0176.frag	contour	28
0177.frag	contour	29
0178.frag	contour	30
0179.frag	contour	31
0180.frag	contour	32
0181.frag	contour	33
0182.frag	contour	34
0183.frag	contour	35
0184.frag	contour	36
0185.frag	contour	38
0186.frag	contour	39
0187.frag	contour	40
0188.frag	contour	41
0189.frag	contour	43
0190.frag	contour	44
0191.frag	contour	45
0192.frag	contour	46
0193.frag	contour	49
0194.frag	contour	51
0195.frag	contour	52
0196.frag	contour	53
0197.frag	contour	54
0198.frag	contour	55
0199.frag	contour	56
0200.frag	facet	0
0201.frag	facet	1
0202.frag	facet	2
0203.frag	facet	3
0204.frag	facet	4
0205.frag	facet	5
0206.frag	facet	7
0207.frag	facet	11
0208.frag	facet	13
0209.frag	facet	17
0210.frag	facet	18
0211.frag	facet	19
0212.frag	facet	24
0213.frag	facet	27
0214.frag	facet	28
0215.frag	facet	35
0216.frag	facet	38
0217.frag	facet	40
0218.frag	facet	49
0219.frag	facet	61
0220.frag	facet	63
0221.frag	facet	69
0222.frag	facet	84
0223.frag	facet	87
0224.frag	facet	120
0225.frag	facet	131
0226.frag	facet	163
0227.frag	facet	302
0228.frag	facet	365
0229.frag	facet	1501
0230.frag	facet	1502
0231.frag	facet	1503
0232.frag	facet	1504
0233.frag	facet	1505
0234.frag	facet	1506
0235.frag	facet	1507
0236.frag	facet	1508
0237.frag	facet	1509
0238.frag	facet	1510
0239.frag	facet	1511
0240.frag	facet	1512
0241.frag	facet	1513
0242.frag	facet	1514
0243.frag	facet	1515
0244.frag	facet	1516
0245.frag	facet	1517
0246.frag	facet	1518
0247.frag	facet	1519
0248.frag	facet	1520
0249.frag	facet	1521
0250.frag	flowlines	0
0251.frag	flowlines	1
0252.frag	flowlines	2
0253.frag	flowlines	3
0254.frag	flowlines	4
0255.frag	flowlines	6
0256.frag	flowlines	7
0257.frag	flowlines	8
0258.frag	flowlines	9
0259.frag	flowlines	10
0260.frag	flowlines	11
0261.frag	flowlines	12
0262.frag	flowlines	13
0263.frag	flowlines	14
0264.frag	flowlines	15
0265.frag	flowlines	20
0266.frag	flowlines	24
0267.frag	flowlines	25
0268.frag	flowlines	26
0269.frag	flowlines	27
0270.frag	flowlines	28
0271.frag	flowlines	29
0272.frag	flowlines	30
0273.frag	flowlines	31
0274.frag	flowlines	32
0275.frag	flowlines	33
0276.frag	flowlines	36
0277.frag	flowlines	38
0278.frag	flowlines	39
0279.frag	flowlines	40
0280.frag	flowlines	43
0281.frag	flowlines	44
0282.frag	flowlines	46
0283.frag	flowlines	47
0284.frag	flowlines	48
0285.frag	flowlines	51
0286.frag	flowlines	52
0287.frag	flowlines	53
0288.frag	flowlines	55
0289.frag	flowlines	59
0290.frag	flowlines	60
0291.frag	flowlines	63
0292.frag	flowlines	66
0293.frag	flowlines	67
0294.frag	flowlines	68
0295.frag	flowlines	70
0296.frag	flowlines	71
0297.frag	flowlines	72
0298.frag	flowlines	74
0299.frag	flowlines	77
0300.frag	fzoom	0
0301.frag	fzoom	1
0302.frag	fzoom	2
0303.frag	fzoom	3
0304.frag	fzoom	4
0305.frag	fzoom	5
0306.frag	fzoom	6
0307.frag	fzoom	7
0308.frag	fzoom	8
0309.frag	fzoom	9
0310.frag	fzoom	10
0311.frag	fzoom	11
0312.frag	fzoom	12
0313.frag	fzoom	13
0314.frag	fzoom	14
0315.frag	fzoom	17
0316.frag	fzoom	18
0317.frag	fzoom	19
0318.frag	fzoom	20
0319.frag	fzoom	21
0320.frag	fzoom	22
0321.frag	fzoom	24
0322.frag	fzoom	25
0323.frag	fzoom	26
0324.frag	fzoom	27
0325.frag	fzoom	28
0326.frag	fzoom	29
0327.frag	fzoom	30
0328.frag	fzoom	31
0329.frag	fzoom	32
0330.frag	fzoom	33
0331.frag	fzoom	34
0332.frag	fzoom	35
0333.frag	fzoom	36
0334.frag	fzoom	38
0335.frag	fzoom	39
0336.frag	fzoom	40
0337.frag	fzoom	41
0338.frag	fzoom	42
0339.frag	fzoom	43
0340.frag	fzoom	45
0341.frag	fzoom	46
0342.frag	fzoom	47
0343.frag	fzoom	48
0344.frag	fzoom	49
0345.frag	fzoom	51
0346.frag	fzoom	52
0347.frag	fzoom	53
0348.frag	fzoom	54
0349.frag	fzoom	56
0350.frag	glow	0
0351.frag	glow	1
0352.frag	glow	2
0353.frag	glow	3
0354.frag	glow	4
0355.frag	glow	5
0356.frag	glow	6
0357.frag	glow	7
0358.frag	glow	8
0359.frag	glow	9
0360.frag	glow	10
0361.frag	glow	11
0362.frag	glow	12
0363.frag	glow	13
0364.frag	glow	14
0365.frag	glow	15
0366.frag	glow	16
0367.frag	glow	17
0368.frag	glow	18
0369.frag	glow	19
0370.frag	glow	20
0371.frag	glow	21
0372.frag	glow	22
0373.frag	glow	23
0374.frag	glow	24
0375.frag	glow	25
0376.frag	glow	26
0377.frag	glow	28
0378.frag	glow	29
0379.frag	glow	30
0380.frag	glow	31
0381.frag	glow	32
0382.frag	glow	33
0383.frag	glow	34
0384.frag	glow	35
0385.frag	glow	36
0386.frag	glow	37
0387.frag	glow	38
0388.frag	glow	39
0389.frag	glow	40
0390.frag	glow	41
0391.frag	glow	42
0392.frag	glow	43
0393.frag	glow	44
0394.frag	glow	45
0395.frag	glow	46
0396.frag	glow	47
0397.frag	glow	48
0398.frag	glow	49
0399.frag	glow	50
0400.frag	halftone	0
0401.frag	halftone	1
0402.frag	halftone	2
0403.frag	halftone	3
0404.frag	halftone	4
0405.frag	halftone	5
0406.frag	halftone	6
0407.frag	halftone	7
0408.frag	halftone	8
0409.frag	halftone	9
0410.frag	halftone	10
0411.frag	halftone	11
0412.frag	halftone	12
0413.frag	halftone	13
0414.frag	halftone	14
0415.frag	halftone	15
0416.frag	halftone	16
0417.frag	halftone	17
0418.frag	halftone	18
0419.frag	halftone	19
0420.frag	halftone	20
0421.frag	halftone	21
0422.frag	halftone	22
0423.frag	halftone	23
0424.frag	halftone	24
0425.frag	halftone	25
0426.frag	halftone	26
0427.frag	halftone	27
0428.frag	halftone	28
0429.frag	halftone	29
0430.frag	halftone	30
0431.frag	halftone	32
0432.frag	halftone	33
0433.frag	halftone	34
0434.frag	halftone	35
0435.frag	halftone	36
0436.frag	halftone	37
0437.frag	halftone	38
0438.frag	halftone	39
0439.frag	halftone	40
0440.frag	halftone	41
0441.frag	halftone	42
0442.frag	halftone	43
0443.frag	halftone	44
0444.frag	halftone	45
0445.frag	halftone	46
0446.frag	halftone	47
0447.frag	halftone	48
0448.frag	halftone	49
0449.frag	halftone	50
0450.frag	layer	0
0451.frag	layer	1
0452.frag	layer	2
0453.frag	layer	3
0454.frag	layer	4
0455.frag	layer	5
0456.frag	layer	6
0457.frag	layer	7
0458.frag	layer	8
0459.frag	layer	9
0460.frag	layer	10
0461.frag	layer	11
0462.frag	layer	12
0463.frag	layer	13
0464.frag	layer	14
0465.frag	layer	15
0466.frag	layer	16
0467.frag	layer	17
0468.frag	layer	18
0469.frag	layer	19
0470.frag	layer	20
0471.frag	layer	21
0472.frag	layer	22
0473.frag	layer	23
0474.frag	layer	24
0475.frag	layer	25
0476.frag	layer	26
0477.frag	layer	27
0478.frag	layer	28
0479.frag	layer	29
0480.frag	layer	30
0481.frag	layer	31
0482.frag	layer	32
0483.frag	layer	33
0484.frag	layer	34
0485.frag	layer	35
0486.frag	layer	36
0487.frag	layer	37
0488.frag	layer	38
0489.frag	layer	39
0490.frag	layer	40
0491.frag	layer	41
0492.frag	layer	42
0493.frag	layer	43
0494.frag	layer	44
0495.frag	layer	45
0496.frag	layer	46
0497.frag	layer	47
0498.frag	layer	48
0499.frag	layer	49
0500.frag	mosaic	0
0501.frag	mosaic	1
0502.frag	mosaic	2
0503.frag	mosaic	3
0504.frag	mosaic	4
0505.frag	mosaic	5
0506.frag	mosaic	6
0507.frag	mosaic	7
0508.frag	mosaic	8
0509.frag	mosaic	9
0510.frag	mosaic	10
0511.frag	mosaic	11
0512.frag	mosaic	12
0513.frag	mosaic	13
0514.frag	mosaic	14
0515.frag	mosaic	15
0516.frag	mosaic	16
0517.frag	mosaic	17
0518.frag	mosaic	18
0519.frag	mosaic	19
0520.frag	mosaic	20
0521.frag	mosaic	21
0522.frag	mosaic	22
0523.frag	mosaic	23
0524.frag	mosaic	24
0525.frag	mosaic	25
0526.frag	mosaic	26
0527.frag	mosaic	27
0528.frag	mosaic	28
0529.frag	mosaic	30
0530.frag	mosaic	31
0531.frag	mosaic	32
0532.frag	mosaic	33
0533.frag	mosaic	34
0534.frag	mosaic	35
0535.frag	mosaic	36
0536.frag	mosaic	37
0537.frag	mosaic	39
0538.frag	mosaic	40
0539.frag	mosaic	41
0540.frag	mosaic	42
0541.frag	mosaic	43
0542.frag	mosaic	44
0543.frag	mosaic	45
0544.frag	mosaic	46
0545.frag	mosaic	47
0546.frag	mosaic	48
0547.frag	mosaic	49
0548.frag	mosaic	50
0549.frag	mosaic	51
0550.frag	orbit	0
0551.frag	orbit	1
0552.frag	orbit	2
0553.frag	orbit	3
0554.frag	orbit	4
0555.frag	orbit	5
0556.frag	orbit	6
0557.frag	orbit	7
0558.frag	orbit	8
0559.frag	orbit	9
0560.frag	orbit	10
0561.frag	orbit	11
0562.frag	orbit	12
0563.frag	orbit	13
0564.frag	orbit	14
0565.frag	orbit	15
0566.frag	orbit	16
0567.frag	orbit	17
0568.frag	orbit	18
0569.frag	orbit	19
0570.frag	orbit	20
0571.frag	orbit	21
0572.frag	orbit	22
0573.frag	orbit	23
0574.frag	orbit	24
0575.frag	orbit	25
0576.frag	orbit	26
0577.frag	orbit	27
0578.frag	orbit	28
0579.frag	orbit	29
0580.frag	orbit	30
0581.frag	orbit	31
0582.frag	orbit	32
0583.frag	orbit	33
0584.frag	orbit	34
0585.frag	orbit	35
0586.frag	orbit	36
0587.frag	orbit	37
0588.frag	orbit	38
0589.frag	orbit	39
0590.frag	orbit	40
0591.frag	orbit	41
0592.frag	orbit	42
0593.frag	orbit	43
0594.frag	orbit	44
0595.frag	orbit	45
0596.frag	orbit	46
0597.frag	orbit	47
0598.frag	orbit	48
0599.frag	orbit	49
0600.frag	particles	0
0601.frag	particles	1
0602.frag	particles	2
0603.frag	particles	3
0604.frag	particles	4
0605.frag	particles	5
0606.frag	particles	6
0607.frag	particles	7
0608.frag	particles	9
0609.frag	particles	10
0610.frag	particles	11
0611.frag	particles	12
0612.frag	particles	13
0613.frag	particles	14
0614.frag	particles	16
0615.frag	particles	19
0616.frag	particles	21
0617.frag	particles	22
0618.frag	particles	23
0619.frag	particles	24
0620.frag	particles	27
0621.frag	particles	29
0622.frag	particles	30
0623.frag	particles	32
0624.frag	particles	33
0625.frag	particles	34
0626.frag	particles	35
0627.frag	particles	37
0628.frag	particles	38
0629.frag	particles	39
0630.frag	particles	41
0631.frag	particles	42
0632.frag	particles	45
0633.frag	particles	46
0634.frag	particles	47
0635.frag	particles	48
0636.frag	particles	49
0637.frag	particles	54
0638.frag	particles	55
0639.frag	particles	56
0640.frag	particles	58
0641.frag	particles	63
0642.frag	particles	66
0643.frag	particles	67
0644.frag	particles	68
0645.frag	particles	70
0646.frag	particles	71
0647.frag	particles	72
0648.frag	particles	74
0649.frag	particles	76
0650.frag	plexus	0
0651.frag	plexus	1
0652.frag	plexus	2
0653.frag	plexus	3
0654.frag	plexus	4
0655.frag	plexus	5
0656.frag	plexus	6
0657.frag	plexus	8
0658.frag	plexus	9
0659.frag	plexus	10
0660.frag	plexus	11
0661.frag	plexus	13
0662.frag	plexus	14
0663.frag	plexus	16
0664.frag	plexus	17
0665.frag	plexus	18
0666.frag	plexus	19
0667.frag	plexus	21
0668.frag	plexus	22
0669.frag	plexus	23
0670.frag	plexus	24
0671.frag	plexus	25
0672.frag	plexus	26
0673.frag	plexus	27
0674.frag	plexus	28
0675.frag	plexus	29
0676.frag	plexus	30
0677.frag	plexus	32
0678.frag	plexus	34
0679.frag	plexus	35
0680.frag	plexus	36
0681.frag	plexus	38
0682.frag	plexus	39
0683.frag	plexus	43
0684.frag	plexus	45
0685.frag	plexus	49
0686.frag	plexus	50
0687.frag	plexus	51
0688.frag	plexus	53
0689.frag	plexus	54
0690.frag	plexus	55
0691.frag	plexus	60
0692.frag	plexus	61
0693.frag	plexus	69
0694.frag	plexus	72
0695.frag	plexus	74
0696.frag	plexus	75
0697.frag	plexus	76
0698.frag	plexus	79
0699.frag	plexus	80
0700.frag	raymarch	0
0701.frag	raymarch	1
0702.frag	raymarch	2
0703.frag	raymarch	3
0704.frag	raymarch	4
0705.frag	raymarch	5
0706.frag	raymarch	6
0707.frag	raymarch	7
0708.frag	raymarch	8
0709.frag	raymarch	9
0710.frag	raymarch	10
0711.frag	raymarch	11
0712.frag	raymarch	12
0713.frag	raymarch	13
0714.frag	raymarch	14
0715.frag	raymarch	15
0716.frag	raymarch	16
0717.frag	raymarch	17
0718.frag	raymarch	18
0719.frag	raymarch	19
0720.frag	raymarch	20
0721.frag	raymarch	21
0722.frag	raymarch	22
0723.frag	raymarch	23
0724.frag	raymarch	24
0725.frag	raymarch	25
0726.frag	raymarch	26
0727.frag	raymarch	27
0728.frag	raymarch	29
0729.frag	raymarch	30
0730.frag	raymarch	31
0731.frag	raymarch	32
0732.frag	raymarch	33
0733.frag	raymarch	34
0734.frag	raymarch	35
0735.frag	raymarch	36
0736.frag	raymarch	37
0737.frag	raymarch	38
0738.frag	raymarch	39
0739.frag	raymarch	40
0740.frag	raymarch	41
0741.frag	raymarch	42
0742.frag	raymarch	43
0743.frag	raymarch	44
0744.frag	raymarch	45
0745.frag	raymarch	46
0746.frag	raymarch	47
0747.frag	raymarch	48
0748.frag	raymarch	49
0749.frag	raymarch	50
0750.frag	ripple	0
0751.frag	ripple	1
0752.frag	ripple	2
0753.frag	ripple	3
0754.frag	ripple	4
0755.frag	ripple	5
0756.frag	ripple	6
0757.frag	ripple	7
0758.frag	ripple	8
0759.frag	ripple	9
0760.frag	ripple	11
0761.frag	ripple	12
0762.frag	ripple	13
0763.frag	ripple	14
0764.frag	ripple	15
0765.frag	ripple	16
0766.frag	ripple	17
0767.frag	ripple	18
0768.frag	ripple	19
0769.frag	ripple	21
0770.frag	ripple	22
0771.frag	ripple	23
0772.frag	ripple	24
0773.frag	ripple	26
0774.frag	ripple	27
0775.frag	ripple	28
0776.frag	ripple	29
0777.frag	ripple	30
0778.frag	ripple	31
0779.frag	ripple	32
0780.frag	ripple	33
0781.frag	ripple	34
0782.frag	ripple	35
0783.frag	ripple	36
0784.frag	ripple	37
0785.frag	ripple	38
0786.frag	ripple	39
0787.frag	ripple	41
0788.frag	ripple	42
0789.frag	ripple	43
0790.frag	ripple	44
0791.frag	ripple	45
0792.frag	ripple	46
0793.frag	ripple	47
0794.frag	ripple	48
0795.frag	ripple	51
0796.frag	ripple	53
0797.frag	ripple	54
0798.frag	ripple	55
0799.frag	ripple	58
0800.frag	super	0
0801.frag	super	1
0802.frag	super	2
0803.frag	super	3
0804.frag	super	4
0805.frag	super	5
0806.frag	super	6
0807.frag	super	9
0808.frag	super	10
0809.frag	super	11
0810.frag	super	12
0811.frag	super	13
0812.frag	super	14
0813.frag	super	15
0814.frag	super	16
0815.frag	super	17
0816.frag	super	18
0817.frag	super	21
0818.frag	super	22
0819.frag	super	23
0820.frag	super	24
0821.frag	super	25
0822.frag	super	26
0823.frag	super	27
0824.frag	super	28
0825.frag	super	29
0826.frag	super	30
0827.frag	super	31
0828.frag	super	32
0829.frag	super	33
0830.frag	super	35
0831.frag	super	36
0832.frag	super	39
0833.frag	super	41
0834.frag	super	42
0835.frag	super	43
0836.frag	super	44
0837.frag	super	45
0838.frag	super	47
0839.frag	super	48
0840.frag	super	49
0841.frag	super	50
0842.frag	super	54
0843.frag	super	56
0844.frag	super	58
0845.frag	super	59
0846.frag	super	60
0847.frag	super	62
0848.frag	super	64
0849.frag	super	67
0850.frag	trail	0
0851.frag	trail	1
0852.frag	trail	2
0853.frag	trail	3
0854.frag	trail	4
0855.frag	trail	5
0856.frag	trail	6
0857.frag	trail	7
0858.frag	trail	8
0859.frag	trail	9
0860.frag	trail	10
0861.frag	trail	11
0862.frag	trail	12
0863.frag	trail	13
0864.frag	trail	14
0865.frag	trail	15
0866.frag	trail	16
0867.frag	trail	17
0868.frag	trail	18
0869.frag	trail	19
0870.frag	trail	20
0871.frag	trail	21
0872.frag	trail	22
0873.frag	trail	23
0874.frag	trail	24
0875.frag	trail	25
0876.frag	trail	26
0877.frag	trail	27
0878.frag	trail	28
0879.frag	trail	29
0880.frag	trail	30
0881.frag	trail	31
0882.frag	trail	32
0883.frag	trail	33
0884.frag	trail	34
0885.frag	trail	35
0886.frag	trail	36
0887.frag	trail	37
0888.frag	trail	38
0889.frag	trail	39
0890.frag	trail	41
0891.frag	trail	42
0892.frag	trail	43
0893.frag	trail	45
0894.frag	trail	47
0895.frag	trail	48
0896.frag	trail	49
0897.frag	trail	50
0898.frag	trail	51
0899.frag	trail	52
0900.frag	tunnel	0
0901.frag	tunnel	1
0902.frag	tunnel	2
0903.frag	tunnel	3
0904.frag	tunnel	4
0905.frag	tunnel	5
0906.frag	tunnel	6
0907.frag	tunnel	7
0908.frag	tunnel	8
0909.frag	tunnel	9
0910.frag	tunnel	10
0911.frag	tunnel	11
0912.frag	tunnel	12
0913.frag	tunnel	13
0914.frag	tunnel	14
0915.frag	tunnel	15
0916.frag	tunnel	16
0917.frag	tunnel	17
0918.frag	tunnel	18
0919.frag	tunnel	19
0920.frag	tunnel	20
0921.frag	tunnel	21
0922.frag	tunnel	22
0923.frag	tunnel	23
0924.frag	tunnel	24
0925.frag	tunnel	25
0926.frag	tunnel	26
0927.frag	tunnel	28
0928.frag	tunnel	29
0929.frag	tunnel	30
0930.frag	tunnel	31
0931.frag	tunnel	32
0932.frag	tunnel	33
0933.frag	tunnel	34
0934.frag	tunnel	35
0935.frag	tunnel	36
0936.frag	tunnel	37
0937.frag	tunnel	38
0938.frag	tunnel	39
0939.frag	tunnel	40
0940.frag	tunnel	41
0941.frag	tunnel	42
0942.frag	tunnel	43
0943.frag	tunnel	44
0944.frag	tunnel	45
0945.frag	tunnel	46
0946.frag	tunnel	47
0947.frag	tunnel	48
0948.frag	tunnel	49
0949.frag	tunnel	50
0950.frag	waveline	0
0951.frag	waveline	1
0952.frag	waveline	2
0953.frag	waveline	3
0954.frag	waveline	4
0955.frag	waveline	5
0956.frag	waveline	6
0957.frag	waveline	7
0958.frag	waveline	8
0959.frag	waveline	9
0960.frag	waveline	10
0961.frag	waveline	11
0962.frag	waveline	13
0963.frag	waveline	14
0964.frag	waveline	15
0965.frag	waveline	16
0966.frag	waveline	17
0967.frag	waveline	18
0968.frag	waveline	19
0969.frag	waveline	20
0970.frag	waveline	22
0971.frag	waveline	23
0972.frag	waveline	24
0973.frag	waveline	25
0974.frag	waveline	26
0975.frag	waveline	27
0976.frag	waveline	28
0977.frag	waveline	29
0978.frag	waveline	30
0979.frag	waveline	31
0980.frag	waveline	33
0981.frag	waveline	34
0982.frag	waveline	36
0983.frag	waveline	37
0984.frag	waveline	38
0985.frag	waveline	39
0986.frag	waveline	40
0987.frag	waveline	41
0988.frag	waveline	42
0989.frag	waveline	43
0990.frag	waveline	44
0991.frag	waveline	45
0992.frag	waveline	46
0993.frag	waveline	47
0994.frag	waveline	48
0995.frag	waveline	49
0996.frag	waveline	50
0997.frag	waveline	51
0998.frag	waveline	52
0999.frag	waveline	53
