dst	src	archetype
0000.frag	00009.frag	classic
0001.frag	00010.frag	layer
0002.frag	00017.frag	contour
0003.frag	00020.frag	classic
0004.frag	00045.frag	layer
0005.frag	00048.frag	classic
0006.frag	00053.frag	layer
0007.frag	00056.frag	classic
0008.frag	00062.frag	layer
0009.frag	00063.frag	classic
0010.frag	00074.frag	classic
0011.frag	00075.frag	layer
0012.frag	00077.frag	orbit
0013.frag	00079.frag	classic
0014.frag	00083.frag	classic
0015.frag	00088.frag	classic
0016.frag	00091.frag	layer
0017.frag	00092.frag	layer
0018.frag	00093.frag	layer
0019.frag	00094.frag	layer
0020.frag	00096.frag	layer
0021.frag	00102.frag	classic
0022.frag	00106.frag	layer
0023.frag	00115.frag	classic
0024.frag	00118.frag	layer
0025.frag	00131.frag	layer
0026.frag	00133.frag	layer
0027.frag	00134.frag	layer
0028.frag	00157.frag	layer
0029.frag	00158.frag	layer
0030.frag	00166.frag	layer
0031.frag	00186.frag	layer
0032.frag	00187.frag	layer
0033.frag	00203.frag	contour
0034.frag	00225.frag	layer
0035.frag	00234.frag	layer
0036.frag	00250.frag	layer
0037.frag	00251.frag	glow
0038.frag	00264.frag	layer
0039.frag	00272.frag	layer
0040.frag	00283.frag	layer
0041.frag	00284.frag	glow
0042.frag	00290.frag	layer
0043.frag	00307.frag	layer
0044.frag	00311.frag	layer
0045.frag	00323.frag	layer
0046.frag	00324.frag	layer
0047.frag	00327.frag	layer
0048.frag	00331.frag	layer
0049.frag	00352.frag	orbit
0050.frag	00370.frag	layer
0051.frag	00375.frag	layer
0052.frag	00376.frag	layer
0053.frag	00379.frag	layer
0054.frag	00388.frag	layer
0055.frag	00437.frag	halftone
0056.frag	00438.frag	layer
0057.frag	00454.frag	layer
0058.frag	00465.frag	layer
0059.frag	00470.frag	layer
0060.frag	00488.frag	layer
0061.frag	00490.frag	layer
0062.frag	00493.frag	layer
0063.frag	00514.frag	cells
0064.frag	00519.frag	raymarch
0065.frag	00526.frag	layer
0066.frag	00529.frag	layer
0067.frag	00535.frag	layer
0068.frag	00541.frag	layer
0069.frag	00555.frag	layer
0070.frag	00556.frag	layer
0071.frag	00560.frag	layer
0072.frag	00587.frag	layer
0073.frag	00589.frag	layer
0074.frag	00591.frag	layer
0075.frag	00596.frag	layer
0076.frag	00599.frag	layer
0077.frag	00612.frag	layer
0078.frag	00620.frag	layer
0079.frag	00628.frag	layer
0080.frag	00631.frag	layer
0081.frag	00636.frag	layer
0082.frag	00637.frag	layer
0083.frag	00645.frag	layer
0084.frag	00647.frag	layer
0085.frag	00648.frag	layer
0086.frag	00652.frag	layer
0087.frag	00665.frag	layer
0088.frag	00666.frag	layer
0089.frag	00669.frag	layer
0090.frag	00681.frag	layer
0091.frag	00687.frag	layer
0092.frag	00694.frag	contour
0093.frag	00699.frag	layer
0094.frag	00700.frag	layer
0095.frag	00712.frag	layer
0096.frag	00717.frag	layer
0097.frag	00721.frag	layer
0098.frag	00722.frag	layer
0099.frag	00762.frag	tunnel
0100.frag	00769.frag	layer
0101.frag	01047.frag	waveline
0102.frag	01091.frag	waveline
0103.frag	01092.frag	super
0104.frag	01169.frag	glow
0105.frag	01188.frag	contour
0106.frag	01226.frag	classic
0107.frag	01278.frag	tunnel
0108.frag	01292.frag	waveline
0109.frag	01297.frag	tunnel
0110.frag	01367.frag	facet
0111.frag	01399.frag	orbit
0112.frag	01458.frag	halftone
0113.frag	01514.frag	tunnel
0114.frag	01516.frag	super
0115.frag	01589.frag	raymarch
0116.frag	01592.frag	cells
0117.frag	01623.frag	tunnel
0118.frag	01627.frag	waveline
0119.frag	01648.frag	glow
0120.frag	01671.frag	trail
0121.frag	01673.frag	halftone
0122.frag	01798.frag	super
0123.frag	01826.frag	ripple
0124.frag	01862.frag	raymarch
0125.frag	01886.frag	cells
0126.frag	01889.frag	classic
0127.frag	01894.frag	classic
0128.frag	01895.frag	super
0129.frag	01906.frag	orbit
0130.frag	01928.frag	super
0131.frag	01934.frag	cells
0132.frag	01988.frag	super
0133.frag	02051.frag	super
0134.frag	02062.frag	tunnel
0135.frag	02063.frag	halftone
0136.frag	02102.frag	raymarch
0137.frag	02109.frag	contour
0138.frag	02136.frag	tunnel
0139.frag	02153.frag	cells
0140.frag	02156.frag	orbit
0141.frag	02157.frag	super
0142.frag	02162.frag	ripple
0143.frag	02174.frag	raymarch
0144.frag	02176.frag	orbit
0145.frag	02192.frag	particles
0146.frag	02195.frag	contour
0147.frag	02203.frag	fzoom
0148.frag	02204.frag	tunnel
0149.frag	02213.frag	super
0150.frag	02214.frag	halftone
0151.frag	02218.frag	trail
0152.frag	02230.frag	tunnel
0153.frag	02255.frag	glow
0154.frag	02270.frag	glow
0155.frag	02304.frag	fzoom
0156.frag	02305.frag	halftone
0157.frag	02324.frag	super
0158.frag	02338.frag	cells
0159.frag	02344.frag	contour
0160.frag	02348.frag	super
0161.frag	02361.frag	tunnel
0162.frag	02373.frag	raymarch
0163.frag	02375.frag	halftone
0164.frag	02384.frag	glow
0165.frag	02400.frag	super
0166.frag	02442.frag	classic
0167.frag	02448.frag	raymarch
0168.frag	02466.frag	cells
0169.frag	02483.frag	ripple
0170.frag	02555.frag	waveline
0171.frag	02576.frag	halftone
0172.frag	02592.frag	classic
0173.frag	02628.frag	super
0174.frag	02629.frag	super
0175.frag	02654.frag	glow
0176.frag	02662.frag	glow
0177.frag	02697.frag	glow
0178.frag	02712.frag	tunnel
0179.frag	02717.frag	super
0180.frag	02726.frag	trail
0181.frag	02741.frag	raymarch
0182.frag	02746.frag	particles
0183.frag	02758.frag	contour
0184.frag	02759.frag	ripple
0185.frag	02764.frag	super
0186.frag	02766.frag	super
0187.frag	02773.frag	cells
0188.frag	02795.frag	halftone
0189.frag	02855.frag	tunnel
0190.frag	02864.frag	classic
0191.frag	02870.frag	tunnel
0192.frag	02874.frag	tunnel
0193.frag	02895.frag	halftone
0194.frag	02899.frag	cells
0195.frag	02905.frag	halftone
0196.frag	02912.frag	glow
0197.frag	02916.frag	tunnel
0198.frag	02941.frag	raymarch
0199.frag	02950.frag	contour
0200.frag	02960.frag	orbit
0201.frag	02986.frag	halftone
0202.frag	02997.frag	orbit
0203.frag	02999.frag	ripple
0204.frag	03000.frag	halftone
0205.frag	03004.frag	trail
0206.frag	03010.frag	glow
0207.frag	03023.frag	classic
0208.frag	03033.frag	super
0209.frag	03041.frag	halftone
0210.frag	03043.frag	glow
0211.frag	03051.frag	halftone
0212.frag	03055.frag	super
0213.frag	03075.frag	contour
0214.frag	03104.frag	super
0215.frag	03105.frag	orbit
0216.frag	03112.frag	orbit
0217.frag	03115.frag	contour
0218.frag	03116.frag	fzoom
0219.frag	03128.frag	contour
0220.frag	03157.frag	contour
0221.frag	03163.frag	flowlines
0222.frag	03191.frag	ripple
0223.frag	03225.frag	tunnel
0224.frag	03233.frag	fzoom
0225.frag	03236.frag	halftone
0226.frag	03238.frag	halftone
0227.frag	03251.frag	tunnel
0228.frag	03282.frag	classic
0229.frag	03284.frag	orbit
0230.frag	03288.frag	classic
0231.frag	03300.frag	super
0232.frag	03302.frag	cells
0233.frag	03310.frag	cells
0234.frag	03317.frag	cells
0235.frag	03321.frag	halftone
0236.frag	03332.frag	super
0237.frag	03336.frag	raymarch
0238.frag	03346.frag	particles
0239.frag	03357.frag	raymarch
0240.frag	03358.frag	contour
0241.frag	03361.frag	super
0242.frag	03363.frag	trail
0243.frag	03375.frag	orbit
0244.frag	03382.frag	raymarch
0245.frag	03390.frag	halftone
0246.frag	03397.frag	classic
0247.frag	03423.frag	cells
0248.frag	03450.frag	facet
0249.frag	03467.frag	cells
0250.frag	03484.frag	fzoom
0251.frag	03492.frag	cells
0252.frag	03495.frag	contour
0253.frag	03498.frag	orbit
0254.frag	03504.frag	glow
0255.frag	03516.frag	glow
0256.frag	03518.frag	super
0257.frag	03523.frag	raymarch
0258.frag	03538.frag	halftone
0259.frag	03541.frag	halftone
0260.frag	03543.frag	contour
0261.frag	03568.frag	cells
0262.frag	03570.frag	contour
0263.frag	03603.frag	tunnel
0264.frag	03612.frag	contour
0265.frag	03632.frag	glow
0266.frag	03638.frag	contour
0267.frag	03649.frag	halftone
0268.frag	03655.frag	classic
0269.frag	03671.frag	tunnel
0270.frag	03732.frag	super
0271.frag	03751.frag	tunnel
0272.frag	03753.frag	cells
0273.frag	03758.frag	particles
0274.frag	03767.frag	tunnel
0275.frag	03773.frag	super
0276.frag	03782.frag	orbit
0277.frag	03789.frag	classic
0278.frag	03791.frag	fzoom
0279.frag	03798.frag	fzoom
0280.frag	03801.frag	ripple
0281.frag	03806.frag	ripple
0282.frag	03809.frag	cells
0283.frag	03816.frag	ripple
0284.frag	03817.frag	waveline
0285.frag	03836.frag	contour
0286.frag	03842.frag	fzoom
0287.frag	03861.frag	cells
0288.frag	03862.frag	classic
0289.frag	03868.frag	ripple
0290.frag	03871.frag	contour
0291.frag	03878.frag	orbit
0292.frag	03890.frag	ripple
0293.frag	03903.frag	orbit
0294.frag	03965.frag	trail
0295.frag	03982.frag	orbit
0296.frag	03988.frag	raymarch
0297.frag	03998.frag	particles
0298.frag	04001.frag	tunnel
0299.frag	04004.frag	trail
0300.frag	04009.frag	orbit
0301.frag	04013.frag	plexus
0302.frag	04014.frag	super
0303.frag	04018.frag	super
0304.frag	04028.frag	ripple
0305.frag	04032.frag	glow
0306.frag	04035.frag	glow
0307.frag	04042.frag	raymarch
0308.frag	04044.frag	glow
0309.frag	04057.frag	ripple
0310.frag	04058.frag	raymarch
0311.frag	04059.frag	super
0312.frag	04063.frag	facet
0313.frag	04093.frag	particles
0314.frag	04097.frag	classic
0315.frag	04100.frag	waveline
0316.frag	04115.frag	plexus
0317.frag	04134.frag	orbit
0318.frag	04138.frag	glow
0319.frag	04140.frag	tunnel
0320.frag	04141.frag	glow
0321.frag	04149.frag	orbit
0322.frag	04154.frag	halftone
0323.frag	04162.frag	plexus
0324.frag	04164.frag	contour
0325.frag	04166.frag	raymarch
0326.frag	04172.frag	cells
0327.frag	04197.frag	raymarch
0328.frag	04224.frag	contour
0329.frag	04228.frag	ripple
0330.frag	04255.frag	contour
0331.frag	04261.frag	cells
0332.frag	04268.frag	orbit
0333.frag	04272.frag	tunnel
0334.frag	04275.frag	fzoom
0335.frag	04286.frag	ripple
0336.frag	04296.frag	classic
0337.frag	04306.frag	super
0338.frag	04309.frag	ripple
0339.frag	04314.frag	trail
0340.frag	04321.frag	classic
0341.frag	04322.frag	super
0342.frag	04334.frag	cells
0343.frag	04336.frag	raymarch
0344.frag	04341.frag	cells
0345.frag	04343.frag	raymarch
0346.frag	04345.frag	waveline
0347.frag	04353.frag	trail
0348.frag	04355.frag	contour
0349.frag	04364.frag	orbit
0350.frag	04365.frag	fzoom
0351.frag	04366.frag	halftone
0352.frag	04374.frag	contour
0353.frag	04380.frag	super
0354.frag	04388.frag	tunnel
0355.frag	04396.frag	glow
0356.frag	04401.frag	particles
0357.frag	04408.frag	contour
0358.frag	04411.frag	classic
0359.frag	04426.frag	orbit
0360.frag	04427.frag	ripple
0361.frag	04433.frag	halftone
0362.frag	04435.frag	fzoom
0363.frag	04445.frag	orbit
0364.frag	04455.frag	raymarch
0365.frag	04459.frag	contour
0366.frag	04465.frag	raymarch
0367.frag	04476.frag	cells
0368.frag	04485.frag	trail
0369.frag	04508.frag	cells
0370.frag	04512.frag	glow
0371.frag	04531.frag	contour
0372.frag	04548.frag	raymarch
0373.frag	04549.frag	raymarch
0374.frag	04550.frag	trail
0375.frag	04554.frag	flowlines
0376.frag	04569.frag	contour
0377.frag	04575.frag	cells
0378.frag	04576.frag	halftone
0379.frag	04581.frag	raymarch
0380.frag	04587.frag	tunnel
0381.frag	04601.frag	facet
0382.frag	04602.frag	raymarch
0383.frag	04614.frag	particles
0384.frag	04625.frag	waveline
0385.frag	04632.frag	super
0386.frag	04637.frag	particles
0387.frag	04648.frag	raymarch
0388.frag	04653.frag	raymarch
0389.frag	04658.frag	ripple
0390.frag	04660.frag	orbit
0391.frag	04665.frag	contour
0392.frag	04672.frag	super
0393.frag	04684.frag	raymarch
0394.frag	04687.frag	ripple
0395.frag	04689.frag	orbit
0396.frag	04695.frag	halftone
0397.frag	04697.frag	ripple
0398.frag	04705.frag	contour
0399.frag	04709.frag	tunnel
0400.frag	04712.frag	waveline
0401.frag	04714.frag	facet
0402.frag	04721.frag	super
0403.frag	04733.frag	orbit
0404.frag	04736.frag	orbit
0405.frag	04737.frag	super
0406.frag	04741.frag	cells
0407.frag	04750.frag	cells
0408.frag	04751.frag	orbit
0409.frag	04753.frag	raymarch
0410.frag	04754.frag	classic
0411.frag	04758.frag	halftone
0412.frag	04759.frag	fzoom
0413.frag	04774.frag	super
0414.frag	04809.frag	raymarch
0415.frag	04810.frag	glow
0416.frag	04816.frag	cells
0417.frag	04818.frag	ripple
0418.frag	04819.frag	ripple
0419.frag	04826.frag	halftone
0420.frag	04827.frag	super
0421.frag	04835.frag	super
0422.frag	04841.frag	halftone
0423.frag	04846.frag	particles
0424.frag	04855.frag	contour
0425.frag	04862.frag	super
0426.frag	04875.frag	cells
0427.frag	04877.frag	plexus
0428.frag	04880.frag	raymarch
0429.frag	04881.frag	trail
0430.frag	04885.frag	super
0431.frag	04889.frag	cells
0432.frag	04901.frag	tunnel
0433.frag	04909.frag	raymarch
0434.frag	04915.frag	ripple
0435.frag	04922.frag	fzoom
0436.frag	04925.frag	cells
0437.frag	04928.frag	ripple
0438.frag	04932.frag	fzoom
0439.frag	04954.frag	contour
0440.frag	04972.frag	flowlines
0441.frag	04973.frag	particles
0442.frag	04980.frag	waveline
0443.frag	04984.frag	tunnel
0444.frag	04989.frag	contour
0445.frag	04998.frag	waveline
0446.frag	05000.frag	classic
0447.frag	05003.frag	ripple
0448.frag	05012.frag	tunnel
0449.frag	05025.frag	fzoom
0450.frag	05033.frag	glow
0451.frag	05035.frag	glow
0452.frag	05040.frag	orbit
0453.frag	05044.frag	glow
0454.frag	05045.frag	contour
0455.frag	05047.frag	fzoom
0456.frag	05050.frag	raymarch
0457.frag	05056.frag	classic
0458.frag	05062.frag	tunnel
0459.frag	05063.frag	orbit
0460.frag	05072.frag	waveline
0461.frag	05075.frag	particles
0462.frag	05076.frag	super
0463.frag	05090.frag	orbit
0464.frag	05091.frag	super
0465.frag	05098.frag	cells
0466.frag	05107.frag	layer
0467.frag	05112.frag	ripple
0468.frag	05120.frag	facet
0469.frag	05121.frag	glow
0470.frag	05132.frag	super
0471.frag	05133.frag	tunnel
0472.frag	05137.frag	halftone
0473.frag	05144.frag	glow
0474.frag	05145.frag	plexus
0475.frag	05155.frag	raymarch
0476.frag	05159.frag	flowlines
0477.frag	05161.frag	halftone
0478.frag	05166.frag	orbit
0479.frag	05183.frag	trail
0480.frag	05187.frag	orbit
0481.frag	05188.frag	cells
0482.frag	05189.frag	fzoom
0483.frag	05190.frag	contour
0484.frag	05191.frag	ripple
0485.frag	05198.frag	raymarch
0486.frag	05204.frag	fzoom
0487.frag	05205.frag	ripple
0488.frag	05208.frag	super
0489.frag	05223.frag	cells
0490.frag	05227.frag	plexus
0491.frag	05247.frag	trail
0492.frag	05249.frag	raymarch
0493.frag	05253.frag	waveline
0494.frag	05258.frag	contour
0495.frag	05266.frag	cells
0496.frag	05274.frag	flowlines
0497.frag	05284.frag	contour
0498.frag	05288.frag	fzoom
0499.frag	05291.frag	raymarch
0500.frag	05314.frag	super
0501.frag	05336.frag	cells
0502.frag	05339.frag	raymarch
0503.frag	05347.frag	glow
0504.frag	05361.frag	cells
0505.frag	05366.frag	particles
0506.frag	05368.frag	orbit
0507.frag	05376.frag	orbit
0508.frag	05383.frag	halftone
0509.frag	05395.frag	tunnel
0510.frag	05403.frag	glow
0511.frag	05407.frag	waveline
0512.frag	05414.frag	trail
0513.frag	05420.frag	raymarch
0514.frag	05422.frag	classic
0515.frag	05423.frag	facet
0516.frag	05431.frag	tunnel
0517.frag	05461.frag	raymarch
0518.frag	05463.frag	tunnel
0519.frag	05474.frag	super
0520.frag	05475.frag	orbit
0521.frag	05479.frag	cells
0522.frag	05490.frag	glow
0523.frag	05506.frag	trail
0524.frag	05513.frag	classic
0525.frag	05518.frag	raymarch
0526.frag	05526.frag	particles
0527.frag	05529.frag	ripple
0528.frag	05530.frag	orbit
0529.frag	05535.frag	trail
0530.frag	05538.frag	raymarch
0531.frag	05539.frag	cells
0532.frag	05556.frag	cells
0533.frag	05558.frag	classic
0534.frag	05569.frag	super
0535.frag	05576.frag	fzoom
0536.frag	05579.frag	fzoom
0537.frag	05580.frag	particles
0538.frag	05585.frag	super
0539.frag	05592.frag	ripple
0540.frag	05596.frag	contour
0541.frag	05597.frag	super
0542.frag	05618.frag	super
0543.frag	05623.frag	glow
0544.frag	05624.frag	halftone
0545.frag	05638.frag	fzoom
0546.frag	05647.frag	super
0547.frag	05648.frag	classic
0548.frag	05654.frag	cells
0549.frag	05658.frag	ripple
0550.frag	05662.frag	raymarch
0551.frag	05665.frag	ripple
0552.frag	05667.frag	halftone
0553.frag	05668.frag	orbit
0554.frag	05670.frag	classic
0555.frag	05671.frag	halftone
0556.frag	05702.frag	raymarch
0557.frag	05705.frag	contour
0558.frag	05732.frag	contour
0559.frag	05735.frag	cells
0560.frag	05749.frag	glow
0561.frag	05753.frag	orbit
0562.frag	05755.frag	fzoom
0563.frag	05774.frag	classic
0564.frag	05778.frag	raymarch
0565.frag	05789.frag	raymarch
0566.frag	05794.frag	orbit
0567.frag	05795.frag	halftone
0568.frag	05797.frag	glow
0569.frag	05801.frag	fzoom
0570.frag	05807.frag	raymarch
0571.frag	05815.frag	contour
0572.frag	05816.frag	halftone
0573.frag	05826.frag	tunnel
0574.frag	05837.frag	contour
0575.frag	05845.frag	glow
0576.frag	05850.frag	super
0577.frag	05856.frag	particles
0578.frag	05863.frag	contour
0579.frag	05869.frag	tunnel
0580.frag	05880.frag	contour
0581.frag	05887.frag	contour
0582.frag	05890.frag	super
0583.frag	05896.frag	raymarch
0584.frag	05904.frag	raymarch
0585.frag	05914.frag	particles
0586.frag	05916.frag	super
0587.frag	05918.frag	contour
0588.frag	05924.frag	ripple
0589.frag	05927.frag	glow
0590.frag	05937.frag	raymarch
0591.frag	05940.frag	orbit
0592.frag	05943.frag	cells
0593.frag	05952.frag	halftone
0594.frag	05956.frag	cells
0595.frag	05960.frag	halftone
0596.frag	05968.frag	contour
0597.frag	05976.frag	halftone
0598.frag	05977.frag	particles
0599.frag	05980.frag	super
0600.frag	05993.frag	particles
0601.frag	06017.frag	cells
0602.frag	06020.frag	contour
0603.frag	06025.frag	contour
0604.frag	06039.frag	halftone
0605.frag	06047.frag	flowlines
0606.frag	06054.frag	classic
0607.frag	06065.frag	cells
0608.frag	06066.frag	glow
0609.frag	06070.frag	glow
0610.frag	06072.frag	tunnel
0611.frag	06077.frag	raymarch
0612.frag	06095.frag	contour
0613.frag	06101.frag	orbit
0614.frag	06115.frag	super
0615.frag	06121.frag	cells
0616.frag	06127.frag	cells
0617.frag	06132.frag	tunnel
0618.frag	06137.frag	tunnel
0619.frag	06148.frag	raymarch
0620.frag	06152.frag	halftone
0621.frag	06159.frag	glow
0622.frag	06177.frag	raymarch
0623.frag	06182.frag	orbit
0624.frag	06185.frag	tunnel
0625.frag	06186.frag	glow
0626.frag	06196.frag	tunnel
0627.frag	06200.frag	halftone
0628.frag	06203.frag	layer
0629.frag	06210.frag	cells
0630.frag	06217.frag	tunnel
0631.frag	06222.frag	cells
0632.frag	06230.frag	ripple
0633.frag	06236.frag	glow
0634.frag	06239.frag	orbit
0635.frag	06241.frag	trail
0636.frag	06243.frag	contour
0637.frag	06244.frag	glow
0638.frag	06247.frag	orbit
0639.frag	06259.frag	cells
0640.frag	06268.frag	particles
0641.frag	06272.frag	super
0642.frag	06273.frag	halftone
0643.frag	06274.frag	trail
0644.frag	06279.frag	classic
0645.frag	06281.frag	flowlines
0646.frag	06293.frag	super
0647.frag	06299.frag	cells
0648.frag	06312.frag	super
0649.frag	06314.frag	glow
0650.frag	06320.frag	halftone
0651.frag	06331.frag	contour
0652.frag	06332.frag	fzoom
0653.frag	06351.frag	cells
0654.frag	06353.frag	raymarch
0655.frag	06370.frag	super
0656.frag	06371.frag	orbit
0657.frag	06372.frag	tunnel
0658.frag	06379.frag	classic
0659.frag	06383.frag	fzoom
0660.frag	06407.frag	contour
0661.frag	06420.frag	waveline
0662.frag	06433.frag	contour
0663.frag	06436.frag	trail
0664.frag	06473.frag	cells
0665.frag	06476.frag	contour
0666.frag	06485.frag	classic
0667.frag	06493.frag	cells
0668.frag	06496.frag	super
0669.frag	06514.frag	super
0670.frag	06522.frag	cells
0671.frag	06526.frag	raymarch
0672.frag	06553.frag	flowlines
0673.frag	06582.frag	classic
0674.frag	06583.frag	raymarch
0675.frag	06587.frag	facet
0676.frag	06590.frag	halftone
0677.frag	06591.frag	fzoom
0678.frag	06594.frag	particles
0679.frag	06597.frag	raymarch
0680.frag	06606.frag	trail
0681.frag	06612.frag	classic
0682.frag	06616.frag	tunnel
0683.frag	06622.frag	halftone
0684.frag	06628.frag	halftone
0685.frag	06637.frag	halftone
0686.frag	06641.frag	contour
0687.frag	06655.frag	contour
0688.frag	06663.frag	raymarch
0689.frag	06672.frag	tunnel
0690.frag	06686.frag	ripple
0691.frag	06688.frag	halftone
0692.frag	06697.frag	cells
0693.frag	06698.frag	super
0694.frag	06700.frag	plexus
0695.frag	06718.frag	tunnel
0696.frag	06723.frag	contour
0697.frag	06724.frag	cells
0698.frag	06757.frag	particles
0699.frag	06758.frag	classic
0700.frag	06761.frag	raymarch
0701.frag	06762.frag	classic
0702.frag	06764.frag	classic
0703.frag	06769.frag	raymarch
0704.frag	06771.frag	super
0705.frag	06780.frag	particles
0706.frag	06785.frag	orbit
0707.frag	06807.frag	cells
0708.frag	06808.frag	waveline
0709.frag	06817.frag	halftone
0710.frag	06824.frag	tunnel
0711.frag	06847.frag	cells
0712.frag	06856.frag	tunnel
0713.frag	06860.frag	layer
0714.frag	06864.frag	flowlines
0715.frag	06865.frag	halftone
0716.frag	06871.frag	glow
0717.frag	06877.frag	halftone
0718.frag	06894.frag	classic
0719.frag	06905.frag	super
0720.frag	06907.frag	raymarch
0721.frag	06916.frag	orbit
0722.frag	06923.frag	cells
0723.frag	06926.frag	cells
0724.frag	06941.frag	orbit
0725.frag	06949.frag	cells
0726.frag	06953.frag	cells
0727.frag	06955.frag	classic
0728.frag	06961.frag	facet
0729.frag	06974.frag	super
0730.frag	06977.frag	cells
0731.frag	06988.frag	glow
0732.frag	06989.frag	tunnel
0733.frag	06991.frag	halftone
0734.frag	06998.frag	contour
0735.frag	06999.frag	orbit
0736.frag	07005.frag	classic
0737.frag	07024.frag	cells
0738.frag	07031.frag	raymarch
0739.frag	07060.frag	cells
0740.frag	07064.frag	raymarch
0741.frag	07081.frag	tunnel
0742.frag	07083.frag	plexus
0743.frag	07085.frag	raymarch
0744.frag	07086.frag	contour
0745.frag	07098.frag	halftone
0746.frag	07101.frag	halftone
0747.frag	07105.frag	ripple
0748.frag	07108.frag	raymarch
0749.frag	07115.frag	super
0750.frag	07120.frag	super
0751.frag	07122.frag	classic
0752.frag	07145.frag	orbit
0753.frag	07154.frag	classic
0754.frag	07161.frag	waveline
0755.frag	07164.frag	cells
0756.frag	07170.frag	contour
0757.frag	07174.frag	cells
0758.frag	07187.frag	halftone
0759.frag	07189.frag	trail
0760.frag	07197.frag	contour
0761.frag	07207.frag	cells
0762.frag	07208.frag	ripple
0763.frag	07225.frag	super
0764.frag	07236.frag	halftone
0765.frag	07261.frag	tunnel
0766.frag	07283.frag	ripple
0767.frag	07285.frag	orbit
0768.frag	07290.frag	tunnel
0769.frag	07300.frag	ripple
0770.frag	07331.frag	raymarch
0771.frag	07336.frag	classic
0772.frag	07348.frag	super
0773.frag	07374.frag	raymarch
0774.frag	07381.frag	orbit
0775.frag	07385.frag	trail
0776.frag	07389.frag	tunnel
0777.frag	07405.frag	halftone
0778.frag	07410.frag	orbit
0779.frag	07415.frag	halftone
0780.frag	07422.frag	classic
0781.frag	07425.frag	halftone
0782.frag	07435.frag	classic
0783.frag	07450.frag	classic
0784.frag	07452.frag	classic
0785.frag	07456.frag	super
0786.frag	07464.frag	tunnel
0787.frag	07468.frag	halftone
0788.frag	07472.frag	layer
0789.frag	07481.frag	classic
0790.frag	07483.frag	halftone
0791.frag	07488.frag	orbit
0792.frag	07490.frag	orbit
0793.frag	07504.frag	glow
0794.frag	07507.frag	trail
0795.frag	07510.frag	orbit
0796.frag	07518.frag	tunnel
0797.frag	07525.frag	tunnel
0798.frag	07529.frag	tunnel
0799.frag	07544.frag	orbit
0800.frag	07567.frag	classic
0801.frag	07575.frag	ripple
0802.frag	07579.frag	halftone
0803.frag	07587.frag	glow
0804.frag	07590.frag	ripple
0805.frag	07592.frag	classic
0806.frag	07599.frag	tunnel
0807.frag	07607.frag	glow
0808.frag	07613.frag	halftone
0809.frag	07632.frag	orbit
0810.frag	07650.frag	tunnel
0811.frag	07661.frag	plexus
0812.frag	07664.frag	ripple
0813.frag	07671.frag	trail
0814.frag	07672.frag	glow
0815.frag	07678.frag	glow
0816.frag	07689.frag	glow
0817.frag	07699.frag	tunnel
0818.frag	07703.frag	ripple
0819.frag	07706.frag	contour
0820.frag	07716.frag	tunnel
0821.frag	07721.frag	classic
0822.frag	07725.frag	halftone
0823.frag	07741.frag	contour
0824.frag	07742.frag	cells
0825.frag	07753.frag	classic
0826.frag	07761.frag	particles
0827.frag	07782.frag	orbit
0828.frag	07795.frag	ripple
0829.frag	07799.frag	classic
0830.frag	07829.frag	contour
0831.frag	07838.frag	orbit
0832.frag	07841.frag	tunnel
0833.frag	07861.frag	contour
0834.frag	07864.frag	cells
0835.frag	07866.frag	raymarch
0836.frag	07879.frag	classic
0837.frag	07880.frag	halftone
0838.frag	07882.frag	glow
0839.frag	07904.frag	raymarch
0840.frag	07909.frag	ripple
0841.frag	07920.frag	cells
0842.frag	07926.frag	cells
0843.frag	07947.frag	classic
0844.frag	07956.frag	raymarch
0845.frag	07958.frag	classic
0846.frag	07967.frag	classic
0847.frag	07972.frag	halftone
0848.frag	07982.frag	halftone
0849.frag	07983.frag	orbit
0850.frag	07987.frag	cells
0851.frag	07999.frag	orbit
0852.frag	08005.frag	contour
0853.frag	08016.frag	orbit
0854.frag	08030.frag	tunnel
0855.frag	08033.frag	orbit
0856.frag	08037.frag	tunnel
0857.frag	08039.frag	waveline
0858.frag	08064.frag	orbit
0859.frag	08067.frag	ripple
0860.frag	08077.frag	tunnel
0861.frag	08082.frag	cells
0862.frag	08086.frag	raymarch
0863.frag	08094.frag	super
0864.frag	08102.frag	orbit
0865.frag	08104.frag	glow
0866.frag	08120.frag	halftone
0867.frag	08136.frag	ripple
0868.frag	08154.frag	cells
0869.frag	08159.frag	tunnel
0870.frag	08166.frag	orbit
0871.frag	08169.frag	halftone
0872.frag	08178.frag	tunnel
0873.frag	08190.frag	contour
0874.frag	08192.frag	waveline
0875.frag	08195.frag	classic
0876.frag	08209.frag	particles
0877.frag	08219.frag	ripple
0878.frag	08229.frag	super
0879.frag	08240.frag	glow
0880.frag	08242.frag	ripple
0881.frag	08257.frag	cells
0882.frag	08282.frag	cells
0883.frag	08283.frag	contour
0884.frag	08287.frag	ripple
0885.frag	08290.frag	halftone
0886.frag	08305.frag	halftone
0887.frag	08318.frag	ripple
0888.frag	08324.frag	particles
0889.frag	08368.frag	glow
0890.frag	08380.frag	super
0891.frag	08381.frag	contour
0892.frag	08382.frag	glow
0893.frag	08385.frag	tunnel
0894.frag	08394.frag	glow
0895.frag	08397.frag	raymarch
0896.frag	08412.frag	orbit
0897.frag	08419.frag	halftone
0898.frag	08421.frag	tunnel
0899.frag	08422.frag	contour
0900.frag	08454.frag	cells
0901.frag	08457.frag	orbit
0902.frag	08473.frag	super
0903.frag	08478.frag	super
0904.frag	08490.frag	trail
0905.frag	08499.frag	ripple
0906.frag	08508.frag	orbit
0907.frag	08522.frag	glow
0908.frag	08526.frag	classic
0909.frag	08531.frag	contour
0910.frag	08545.frag	contour
0911.frag	08546.frag	tunnel
0912.frag	08548.frag	raymarch
0913.frag	08564.frag	orbit
0914.frag	08589.frag	tunnel
0915.frag	08601.frag	tunnel
0916.frag	08622.frag	tunnel
0917.frag	08655.frag	orbit
0918.frag	08669.frag	trail
0919.frag	08673.frag	contour
0920.frag	08686.frag	classic
0921.frag	08696.frag	glow
0922.frag	08715.frag	raymarch
0923.frag	08718.frag	halftone
0924.frag	08725.frag	orbit
0925.frag	08741.frag	classic
0926.frag	08747.frag	ripple
0927.frag	08805.frag	raymarch
0928.frag	08826.frag	tunnel
0929.frag	08833.frag	raymarch
0930.frag	08837.frag	contour
0931.frag	08851.frag	glow
0932.frag	08852.frag	waveline
0933.frag	08862.frag	raymarch
0934.frag	08876.frag	halftone
0935.frag	08878.frag	orbit
0936.frag	08893.frag	glow
0937.frag	08894.frag	raymarch
0938.frag	08905.frag	waveline
0939.frag	08920.frag	orbit
0940.frag	08932.frag	halftone
0941.frag	08934.frag	halftone
0942.frag	08939.frag	orbit
0943.frag	08944.frag	contour
0944.frag	08950.frag	halftone
0945.frag	08962.frag	glow
0946.frag	08967.frag	particles
0947.frag	09010.frag	tunnel
0948.frag	09032.frag	halftone
0949.frag	09036.frag	classic
0950.frag	09041.frag	super
0951.frag	09050.frag	glow
0952.frag	09051.frag	glow
0953.frag	09135.frag	super
0954.frag	09156.frag	super
0955.frag	09217.frag	waveline
0956.frag	09229.frag	super
0957.frag	09261.frag	raymarch
0958.frag	09270.frag	waveline
0959.frag	09271.frag	contour
0960.frag	09278.frag	ripple
0961.frag	09281.frag	orbit
0962.frag	09287.frag	raymarch
0963.frag	09307.frag	classic
0964.frag	09335.frag	classic
0965.frag	09341.frag	orbit
0966.frag	09344.frag	glow
0967.frag	09350.frag	glow
0968.frag	09369.frag	waveline
0969.frag	09400.frag	halftone
0970.frag	09401.frag	tunnel
0971.frag	09407.frag	tunnel
0972.frag	09431.frag	tunnel
0973.frag	09447.frag	classic
0974.frag	09453.frag	classic
0975.frag	09523.frag	contour
0976.frag	09539.frag	orbit
0977.frag	09542.frag	classic
0978.frag	09579.frag	classic
0979.frag	09580.frag	classic
0980.frag	09600.frag	glow
0981.frag	09623.frag	glow
0982.frag	09635.frag	cells
0983.frag	09660.frag	waveline
0984.frag	09685.frag	classic
0985.frag	09686.frag	classic
0986.frag	09720.frag	ripple
0987.frag	09772.frag	tunnel
0988.frag	09811.frag	ripple
0989.frag	09819.frag	classic
0990.frag	09836.frag	tunnel
0991.frag	09851.frag	orbit
0992.frag	09861.frag	super
0993.frag	09866.frag	contour
0994.frag	09870.frag	tunnel
0995.frag	09889.frag	ripple
0996.frag	09922.frag	contour
0997.frag	09927.frag	raymarch
0998.frag	09946.frag	classic
0999.frag	09961.frag	classic
